Month,WEEK,DT,RESTAURANT_ID,REST_NAME,CITY,AREA,TOTAL_ORDERS,GMV,MENU_SESSIONS
01/06/2025,22,2025-06-01,70556,Brand D,Mumbai,Bandra West,1,1255.380029,13
01/06/2025,22,2025-06-01,76509,Brand D,Mumbai,Malad Kan West,1,250.95,15
01/06/2025,22,2025-06-01,76512,Brand D,Mumbai,Marol Sakinaka,1,414.95,22
01/06/2025,22,2025-06-01,83864,Brand D,Mumbai,Borivali,3,1834.779999,31
01/06/2025,22,2025-06-01,184604,Brand G,Mumbai,Malad Kan East,42,15521.30212,331
01/06/2025,22,2025-06-01,656170,Brand D,Mumbai,Chembur,5,2181.450319,28
01/06/2025,22,2025-06-01,688993,Brand E,Mumbai,Marol Sakinaka,5,8242.151345,116
01/06/2025,22,2025-06-01,783761,Brand D,Mumbai,CBD Belapur,4,2587.400352,23
01/06/2025,22,2025-06-01,880733,Brand C,Mumbai,Vashi,11,4967.285896,72
01/06/2025,22,2025-06-01,974354,Brand B,Mumbai,Mulund,29,10183.55099,191
01/06/2025,22,2025-06-01,974356,Brand B,Mumbai,Powai,29,8726.027462,138
01/06/2025,22,2025-06-01,1037606,Brand A,Mumbai,Andheri East,36,14407.8004,263
01/06/2025,22,2025-06-01,1074224,Brand D,Mumbai,Matunga Wadala,1,383.45,17
01/06/2025,23,2025-06-02,70556,Brand D,Mumbai,Bandra West,2,796.5499939,9
01/06/2025,23,2025-06-02,76512,Brand D,Mumbai,Marol Sakinaka,1,372.95,24
01/06/2025,23,2025-06-02,184604,Brand G,Mumbai,Malad Kan East,43,18734.06338,229
01/06/2025,23,2025-06-02,656170,Brand D,Mumbai,Chembur,2,504.4,18
01/06/2025,23,2025-06-02,668983,Brand D,Mumbai,Andheri West,2,1121.600327,10
01/06/2025,23,2025-06-02,688993,Brand E,Mumbai,Marol Sakinaka,5,6271.300272,73
01/06/2025,23,2025-06-02,783761,Brand D,Mumbai,CBD Belapur,1,362.45,17
01/06/2025,23,2025-06-02,880733,Brand C,Mumbai,Vashi,3,812.0459961,51
01/06/2025,23,2025-06-02,974354,Brand B,Mumbai,Mulund,24,7628.375948,143
01/06/2025,23,2025-06-02,974356,Brand B,Mumbai,Powai,17,6276.673889,104
01/06/2025,23,2025-06-02,1037606,Brand A,Mumbai,Andheri East,30,12130.50112,192
01/06/2025,23,2025-06-02,1074224,Brand D,Mumbai,Matunga Wadala,1,225.95,11
01/06/2025,23,2025-06-03,76508,Brand D,Mumbai,Lower Parel Worli,1,404.45,14
01/06/2025,23,2025-06-03,76509,Brand D,Mumbai,Malad Kan West,1,869.3700134,11
01/06/2025,23,2025-06-03,76512,Brand D,Mumbai,Marol Sakinaka,2,1036.949988,24
01/06/2025,23,2025-06-03,83864,Brand D,Mumbai,Borivali,1,414.95,31
01/06/2025,23,2025-06-03,184604,Brand G,Mumbai,Malad Kan East,37,19965.2834,287
01/06/2025,23,2025-06-03,656170,Brand D,Mumbai,Chembur,2,1177.850012,21
01/06/2025,23,2025-06-03,688993,Brand E,Mumbai,Marol Sakinaka,3,2458.050043,62
01/06/2025,23,2025-06-03,880733,Brand C,Mumbai,Vashi,6,2098.134021,47
01/06/2025,23,2025-06-03,974354,Brand B,Mumbai,Mulund,12,4350.326396,137
01/06/2025,23,2025-06-03,974356,Brand B,Mumbai,Powai,33,9515.679536,116
01/06/2025,23,2025-06-03,1037606,Brand A,Mumbai,Andheri East,22,7275.150044,174
01/06/2025,23,2025-06-04,70556,Brand D,Mumbai,Bandra West,1,372.95,31
01/06/2025,23,2025-06-04,76508,Brand D,Mumbai,Lower Parel Worli,1,347.7,23
01/06/2025,23,2025-06-04,76512,Brand D,Mumbai,Marol Sakinaka,1,347.7,26
01/06/2025,23,2025-06-04,184604,Brand G,Mumbai,Malad Kan East,29,11588.2955,230
01/06/2025,23,2025-06-04,656170,Brand D,Mumbai,Chembur,6,2291.170016,29
01/06/2025,23,2025-06-04,688993,Brand E,Mumbai,Marol Sakinaka,3,3037.650679,74
01/06/2025,23,2025-06-04,828997,Brand D,Mumbai,Thane,2,1451.300024,8
01/06/2025,23,2025-06-04,880733,Brand C,Mumbai,Vashi,9,6323.502268,49
01/06/2025,23,2025-06-04,974354,Brand B,Mumbai,Mulund,17,6290.288503,148
01/06/2025,23,2025-06-04,974356,Brand B,Mumbai,Powai,34,11561.73022,154
01/06/2025,23,2025-06-04,1037606,Brand A,Mumbai,Andheri East,25,9833.350307,186
01/06/2025,23,2025-06-05,70556,Brand D,Mumbai,Bandra West,4,2118.050345,20
01/06/2025,23,2025-06-05,76509,Brand D,Mumbai,Malad Kan West,3,1713.750026,12
01/06/2025,23,2025-06-05,76512,Brand D,Mumbai,Marol Sakinaka,1,720.6500122,29
01/06/2025,23,2025-06-05,184604,Brand G,Mumbai,Malad Kan East,37,12904.65429,254
01/06/2025,23,2025-06-05,656170,Brand D,Mumbai,Chembur,1,425.45,19
01/06/2025,23,2025-06-05,688993,Brand E,Mumbai,Marol Sakinaka,1,552.3000061,83
01/06/2025,23,2025-06-05,783761,Brand D,Mumbai,CBD Belapur,1,790.6503271,20
01/06/2025,23,2025-06-05,828997,Brand D,Mumbai,Thane,1,336.95,9
01/06/2025,23,2025-06-05,880733,Brand C,Mumbai,Vashi,5,2668.251174,34
01/06/2025,23,2025-06-05,974354,Brand B,Mumbai,Mulund,28,9389.645242,190
01/06/2025,23,2025-06-05,974356,Brand B,Mumbai,Powai,43,12585.25133,178
01/06/2025,23,2025-06-05,1037606,Brand A,Mumbai,Andheri East,30,11517.65062,210
01/06/2025,23,2025-06-06,70556,Brand D,Mumbai,Bandra West,5,3366.770323,24
01/06/2025,23,2025-06-06,76509,Brand D,Mumbai,Malad Kan West,2,974.8500122,19
01/06/2025,23,2025-06-06,76512,Brand D,Mumbai,Marol Sakinaka,1,337.449989,27
01/06/2025,23,2025-06-06,83864,Brand D,Mumbai,Borivali,3,1005.200018,38
01/06/2025,23,2025-06-06,184604,Brand G,Mumbai,Malad Kan East,35,15475.64983,274
01/06/2025,23,2025-06-06,656170,Brand D,Mumbai,Chembur,3,1322.300347,20
01/06/2025,23,2025-06-06,688993,Brand E,Mumbai,Marol Sakinaka,3,5070.800642,80
01/06/2025,23,2025-06-06,783761,Brand D,Mumbai,CBD Belapur,1,393.95,16
01/06/2025,23,2025-06-06,828997,Brand D,Mumbai,Thane,2,924.6200012,10
01/06/2025,23,2025-06-06,880733,Brand C,Mumbai,Vashi,10,6374.102292,42
01/06/2025,23,2025-06-06,974354,Brand B,Mumbai,Mulund,24,9495.362417,179
01/06/2025,23,2025-06-06,974356,Brand B,Mumbai,Powai,30,10835.30232,176
01/06/2025,23,2025-06-06,1037606,Brand A,Mumbai,Andheri East,19,8466.950065,235
01/06/2025,23,2025-06-06,1074224,Brand D,Mumbai,Matunga Wadala,1,225.95,4
01/06/2025,23,2025-06-07,70556,Brand D,Mumbai,Bandra West,2,1313.3004,26
01/06/2025,23,2025-06-07,76509,Brand D,Mumbai,Malad Kan West,2,2128.701116,20
01/06/2025,23,2025-06-07,76512,Brand D,Mumbai,Marol Sakinaka,1,654.1500122,48
01/06/2025,23,2025-06-07,83864,Brand D,Mumbai,Borivali,6,3361.600431,39
01/06/2025,23,2025-06-07,184604,Brand G,Mumbai,Malad Kan East,57,24712.53255,411
01/06/2025,23,2025-06-07,656170,Brand D,Mumbai,Chembur,3,1027.1,31
01/06/2025,23,2025-06-07,668983,Brand D,Mumbai,Andheri West,1,362.45,13
01/06/2025,23,2025-06-07,688993,Brand E,Mumbai,Marol Sakinaka,7,11762.45049,114
01/06/2025,23,2025-06-07,783761,Brand D,Mumbai,CBD Belapur,2,787.9,24
01/06/2025,23,2025-06-07,880733,Brand C,Mumbai,Vashi,13,7933.751959,90
01/06/2025,23,2025-06-07,974354,Brand B,Mumbai,Mulund,27,9545.553433,219
01/06/2025,23,2025-06-07,974356,Brand B,Mumbai,Powai,46,13998.42913,229
01/06/2025,23,2025-06-07,1037606,Brand A,Mumbai,Andheri East,30,16697.95364,298
01/06/2025,23,2025-06-07,1074224,Brand D,Mumbai,Matunga Wadala,4,1528.750012,9
01/06/2025,23,2025-06-08,76512,Brand D,Mumbai,Marol Sakinaka,3,2084.550043,48
01/06/2025,23,2025-06-08,83864,Brand D,Mumbai,Borivali,3,2057.200037,35
01/06/2025,23,2025-06-08,184604,Brand G,Mumbai,Malad Kan East,55,19794.60722,385
01/06/2025,23,2025-06-08,656170,Brand D,Mumbai,Chembur,8,5508.000715,41
01/06/2025,23,2025-06-08,688993,Brand E,Mumbai,Marol Sakinaka,1,851.200376,133
01/06/2025,23,2025-06-08,783761,Brand D,Mumbai,CBD Belapur,2,651.4,16
01/06/2025,23,2025-06-08,828997,Brand D,Mumbai,Thane,1,699.6500122,12
01/06/2025,23,2025-06-08,880733,Brand C,Mumbai,Vashi,14,7468.902358,57
01/06/2025,23,2025-06-08,974354,Brand B,Mumbai,Mulund,50,15920.80384,263
01/06/2025,23,2025-06-08,974356,Brand B,Mumbai,Powai,50,16472.19456,219
01/06/2025,23,2025-06-08,1037606,Brand A,Mumbai,Andheri East,27,11530.90111,293
01/06/2025,23,2025-06-08,1074224,Brand D,Mumbai,Matunga Wadala,1,674.4000122,15
01/06/2025,24,2025-06-09,76509,Brand D,Mumbai,Malad Kan West,1,418.95,11
01/06/2025,24,2025-06-09,76512,Brand D,Mumbai,Marol Sakinaka,2,699.7500061,16
01/06/2025,24,2025-06-09,184604,Brand G,Mumbai,Malad Kan East,41,17774.1081,268
01/06/2025,24,2025-06-09,656170,Brand D,Mumbai,Chembur,1,236.45,21
01/06/2025,24,2025-06-09,688993,Brand E,Mumbai,Marol Sakinaka,2,1765.750037,69
01/06/2025,24,2025-06-09,783761,Brand D,Mumbai,CBD Belapur,1,741.6500122,12
01/06/2025,24,2025-06-09,880733,Brand C,Mumbai,Vashi,8,3920.200728,50
01/06/2025,24,2025-06-09,974354,Brand B,Mumbai,Mulund,24,8894.412455,174
01/06/2025,24,2025-06-09,974356,Brand B,Mumbai,Powai,31,9823.348186,182
01/06/2025,24,2025-06-09,1037606,Brand A,Mumbai,Andheri East,40,19948.79052,271
01/06/2025,24,2025-06-10,70556,Brand D,Mumbai,Bandra West,3,1843.700352,19
01/06/2025,24,2025-06-10,76509,Brand D,Mumbai,Malad Kan West,1,372.95,8
01/06/2025,24,2025-06-10,83864,Brand D,Mumbai,Borivali,1,372.95,21
01/06/2025,24,2025-06-10,184604,Brand G,Mumbai,Malad Kan East,45,20310.03717,282
01/06/2025,24,2025-06-10,656170,Brand D,Mumbai,Chembur,4,2043.200024,19
01/06/2025,24,2025-06-10,668983,Brand D,Mumbai,Andheri West,3,2070.200352,13
01/06/2025,24,2025-06-10,828997,Brand D,Mumbai,Thane,1,372.45,4
01/06/2025,24,2025-06-10,880733,Brand C,Mumbai,Vashi,5,1821.850758,36
01/06/2025,24,2025-06-10,974354,Brand B,Mumbai,Mulund,37,11709.27175,188
01/06/2025,24,2025-06-10,974356,Brand B,Mumbai,Powai,31,10592.38704,176
01/06/2025,24,2025-06-10,1037606,Brand A,Mumbai,Andheri East,54,19054.45774,264
01/06/2025,24,2025-06-10,1053297,Brand D,Mumbai,Powai,1,1030.350024,3
01/06/2025,24,2025-06-10,1074224,Brand D,Mumbai,Matunga Wadala,1,257.45,7
01/06/2025,24,2025-06-11,70556,Brand D,Mumbai,Bandra West,1,636.9000122,15
01/06/2025,24,2025-06-11,76508,Brand D,Mumbai,Lower Parel Worli,2,1026.850012,20
01/06/2025,24,2025-06-11,76509,Brand D,Mumbai,Malad Kan West,1,706.6503271,6
01/06/2025,24,2025-06-11,184604,Brand G,Mumbai,Malad Kan East,32,12221.30699,209
01/06/2025,24,2025-06-11,656170,Brand D,Mumbai,Chembur,2,1553.550339,31
01/06/2025,24,2025-06-11,688993,Brand E,Mumbai,Marol Sakinaka,3,2633.050012,65
01/06/2025,24,2025-06-11,783761,Brand D,Mumbai,CBD Belapur,2,1072.600012,11
01/06/2025,24,2025-06-11,880733,Brand C,Mumbai,Vashi,6,2450.784976,39
01/06/2025,24,2025-06-11,974354,Brand B,Mumbai,Mulund,34,9932.039612,174
01/06/2025,24,2025-06-11,974356,Brand B,Mumbai,Powai,45,13674.39816,182
01/06/2025,24,2025-06-11,1037606,Brand A,Mumbai,Andheri East,69,23175.3482,273
01/06/2025,24,2025-06-11,1053297,Brand D,Mumbai,Powai,1,292.95,4
01/06/2025,24,2025-06-12,76508,Brand D,Mumbai,Lower Parel Worli,2,1364.050024,13
01/06/2025,24,2025-06-12,76509,Brand D,Mumbai,Malad Kan West,2,766.9000134,11
01/06/2025,24,2025-06-12,76512,Brand D,Mumbai,Marol Sakinaka,3,2201.700037,26
01/06/2025,24,2025-06-12,83864,Brand D,Mumbai,Borivali,3,1465.999994,30
01/06/2025,24,2025-06-12,184604,Brand G,Mumbai,Malad Kan East,45,19927.89796,251
01/06/2025,24,2025-06-12,656170,Brand D,Mumbai,Chembur,4,1609.000327,20
01/06/2025,24,2025-06-12,688993,Brand E,Mumbai,Marol Sakinaka,3,2471.350315,95
01/06/2025,24,2025-06-12,783761,Brand D,Mumbai,CBD Belapur,2,745.9,7
01/06/2025,24,2025-06-12,880733,Brand C,Mumbai,Vashi,5,2919.468235,52
01/06/2025,24,2025-06-12,974354,Brand B,Mumbai,Mulund,39,11309.18353,181
01/06/2025,24,2025-06-12,974356,Brand B,Mumbai,Powai,25,8308.757418,172
01/06/2025,24,2025-06-12,1037606,Brand A,Mumbai,Andheri East,61,20064.8243,304
01/06/2025,24,2025-06-12,1074224,Brand D,Mumbai,Matunga Wadala,1,414.95,11
01/06/2025,24,2025-06-13,70556,Brand D,Mumbai,Bandra West,2,1037.100006,22
01/06/2025,24,2025-06-13,76508,Brand D,Mumbai,Lower Parel Worli,2,1428.5504,17
01/06/2025,24,2025-06-13,76509,Brand D,Mumbai,Malad Kan West,2,978.1000122,9
01/06/2025,24,2025-06-13,76512,Brand D,Mumbai,Marol Sakinaka,1,414.95,26
01/06/2025,24,2025-06-13,83864,Brand D,Mumbai,Borivali,5,2025.700012,27
01/06/2025,24,2025-06-13,184604,Brand G,Mumbai,Malad Kan East,27,11522.73648,175
01/06/2025,24,2025-06-13,656170,Brand D,Mumbai,Chembur,2,613.3999951,26
01/06/2025,24,2025-06-13,688993,Brand E,Mumbai,Marol Sakinaka,7,7153.65066,91
01/06/2025,24,2025-06-13,783761,Brand D,Mumbai,CBD Belapur,3,1114.6,20
01/06/2025,24,2025-06-13,828997,Brand D,Mumbai,Thane,1,365.95,7
01/06/2025,24,2025-06-13,880733,Brand C,Mumbai,Vashi,12,6573.001388,75
01/06/2025,24,2025-06-13,974354,Brand B,Mumbai,Mulund,39,11509.60479,218
01/06/2025,24,2025-06-13,974356,Brand B,Mumbai,Powai,34,10720.10104,182
01/06/2025,24,2025-06-13,1037606,Brand A,Mumbai,Andheri East,58,20969.0862,265
01/06/2025,24,2025-06-13,1073491,Brand D,Mumbai,Mulund,1,225.9499982,3
01/06/2025,24,2025-06-13,1074224,Brand D,Mumbai,Matunga Wadala,3,1526.050352,9
01/06/2025,24,2025-06-14,70556,Brand D,Mumbai,Bandra West,2,1020.350012,11
01/06/2025,24,2025-06-14,76508,Brand D,Mumbai,Lower Parel Worli,2,1417.300339,18
01/06/2025,24,2025-06-14,76509,Brand D,Mumbai,Malad Kan West,3,2612.850376,15
01/06/2025,24,2025-06-14,83864,Brand D,Mumbai,Borivali,3,1937.820347,27
01/06/2025,24,2025-06-14,184604,Brand G,Mumbai,Malad Kan East,57,28797.43127,345
01/06/2025,24,2025-06-14,656170,Brand D,Mumbai,Chembur,3,2064.200037,30
01/06/2025,24,2025-06-14,668983,Brand D,Mumbai,Andheri West,2,1997.699988,21
01/06/2025,24,2025-06-14,688993,Brand E,Mumbai,Marol Sakinaka,8,19099.85224,85
01/06/2025,24,2025-06-14,783761,Brand D,Mumbai,CBD Belapur,2,1322.300024,19
01/06/2025,24,2025-06-14,828997,Brand D,Mumbai,Thane,1,239.95,15
01/06/2025,24,2025-06-14,880733,Brand C,Mumbai,Vashi,8,4712.927461,81
01/06/2025,24,2025-06-14,974354,Brand B,Mumbai,Mulund,51,18422.83387,239
01/06/2025,24,2025-06-14,974356,Brand B,Mumbai,Powai,62,20745.17021,240
01/06/2025,24,2025-06-14,1037606,Brand A,Mumbai,Andheri East,78,32246.81954,341
01/06/2025,24,2025-06-14,1074224,Brand D,Mumbai,Matunga Wadala,2,905.1000122,11
01/06/2025,24,2025-06-15,70556,Brand D,Mumbai,Bandra West,3,3893.609956,19
01/06/2025,24,2025-06-15,76508,Brand D,Mumbai,Lower Parel Worli,1,337.45,9
01/06/2025,24,2025-06-15,76509,Brand D,Mumbai,Malad Kan West,1,1224.180017,19
01/06/2025,24,2025-06-15,83864,Brand D,Mumbai,Borivali,4,3705.87053,39
01/06/2025,24,2025-06-15,184604,Brand G,Mumbai,Malad Kan East,70,27588.09648,352
01/06/2025,24,2025-06-15,656170,Brand D,Mumbai,Chembur,2,1072.600012,29
01/06/2025,24,2025-06-15,668983,Brand D,Mumbai,Andheri West,1,573.6500122,5
01/06/2025,24,2025-06-15,688993,Brand E,Mumbai,Marol Sakinaka,7,8931.301309,115
01/06/2025,24,2025-06-15,783761,Brand D,Mumbai,CBD Belapur,2,1620.749976,16
01/06/2025,24,2025-06-15,880733,Brand C,Mumbai,Vashi,12,6178.725993,73
01/06/2025,24,2025-06-15,974354,Brand B,Mumbai,Mulund,55,15537.17783,332
01/06/2025,24,2025-06-15,974356,Brand B,Mumbai,Powai,59,19220.35984,278
01/06/2025,24,2025-06-15,1037606,Brand A,Mumbai,Andheri East,52,19417.65392,330
01/06/2025,25,2025-06-16,70556,Brand D,Mumbai,Bandra West,1,246.95,26
01/06/2025,25,2025-06-16,76508,Brand D,Mumbai,Lower Parel Worli,1,425.45,7
01/06/2025,25,2025-06-16,76509,Brand D,Mumbai,Malad Kan West,2,766.9,7
01/06/2025,25,2025-06-16,184604,Brand G,Mumbai,Malad Kan East,31,11547.0173,233
01/06/2025,25,2025-06-16,656170,Brand D,Mumbai,Chembur,1,664.4000122,26
01/06/2025,25,2025-06-16,668983,Brand D,Mumbai,Andheri West,2,808.9,7
01/06/2025,25,2025-06-16,688993,Brand E,Mumbai,Marol Sakinaka,2,2932.300339,71
01/06/2025,25,2025-06-16,783761,Brand D,Mumbai,CBD Belapur,1,372.95,12
01/06/2025,25,2025-06-16,828997,Brand D,Mumbai,Thane,2,785.4753577,6
01/06/2025,25,2025-06-16,880733,Brand C,Mumbai,Vashi,5,2520.280644,55
01/06/2025,25,2025-06-16,974354,Brand B,Mumbai,Mulund,33,8856.490354,213
01/06/2025,25,2025-06-16,974356,Brand B,Mumbai,Powai,31,9726.572361,170
01/06/2025,25,2025-06-16,1037606,Brand A,Mumbai,Andheri East,83,29930.18286,365
01/06/2025,25,2025-06-16,1074224,Brand D,Mumbai,Matunga Wadala,2,1048.100001,13
01/06/2025,25,2025-06-17,83864,Brand D,Mumbai,Borivali,2,752.3999939,27
01/06/2025,25,2025-06-17,184604,Brand G,Mumbai,Malad Kan East,41,15121.6195,233
01/06/2025,25,2025-06-17,656170,Brand D,Mumbai,Chembur,4,1718.595374,24
01/06/2025,25,2025-06-17,668983,Brand D,Mumbai,Andheri West,2,651.4,9
01/06/2025,25,2025-06-17,688993,Brand E,Mumbai,Marol Sakinaka,2,1377.599951,74
01/06/2025,25,2025-06-17,783761,Brand D,Mumbai,CBD Belapur,3,1754.250024,17
01/06/2025,25,2025-06-17,880733,Brand C,Mumbai,Vashi,3,2090.900303,35
01/06/2025,25,2025-06-17,974354,Brand B,Mumbai,Mulund,23,6797.246714,197
01/06/2025,25,2025-06-17,974356,Brand B,Mumbai,Powai,41,12328.24637,170
01/06/2025,25,2025-06-17,1037606,Brand A,Mumbai,Andheri East,50,18348.63991,248
01/06/2025,25,2025-06-18,76509,Brand D,Mumbai,Malad Kan West,1,710.1500122,10
01/06/2025,25,2025-06-18,76512,Brand D,Mumbai,Marol Sakinaka,3,787.9,28
01/06/2025,25,2025-06-18,83864,Brand D,Mumbai,Borivali,2,777.3999939,29
01/06/2025,25,2025-06-18,184604,Brand G,Mumbai,Malad Kan East,18,6469.126664,166
01/06/2025,25,2025-06-18,656170,Brand D,Mumbai,Chembur,3,1540.550012,25
01/06/2025,25,2025-06-18,783761,Brand D,Mumbai,CBD Belapur,3,1585.750024,22
01/06/2025,25,2025-06-18,880733,Brand C,Mumbai,Vashi,9,6641.951498,63
01/06/2025,25,2025-06-18,974354,Brand B,Mumbai,Mulund,26,6843.604224,194
01/06/2025,25,2025-06-18,974356,Brand B,Mumbai,Powai,34,10225.04237,189
01/06/2025,25,2025-06-18,1037606,Brand A,Mumbai,Andheri East,57,21745.03251,254
01/06/2025,25,2025-06-18,1074224,Brand D,Mumbai,Matunga Wadala,1,1096.850339,7
01/06/2025,25,2025-06-19,70556,Brand D,Mumbai,Bandra West,3,1155.399988,11
01/06/2025,25,2025-06-19,76509,Brand D,Mumbai,Malad Kan West,1,748.6503271,11
01/06/2025,25,2025-06-19,76512,Brand D,Mumbai,Marol Sakinaka,1,351.95,23
01/06/2025,25,2025-06-19,83864,Brand D,Mumbai,Borivali,4,2646.450414,24
01/06/2025,25,2025-06-19,184604,Brand G,Mumbai,Malad Kan East,24,10239.15516,176
01/06/2025,25,2025-06-19,656170,Brand D,Mumbai,Chembur,2,1083.600012,23
01/06/2025,25,2025-06-19,668983,Brand D,Mumbai,Andheri West,2,904.8700027,9
01/06/2025,25,2025-06-19,688993,Brand E,Mumbai,Marol Sakinaka,4,8606.500205,74
01/06/2025,25,2025-06-19,880733,Brand C,Mumbai,Vashi,16,9636.9024,54
01/06/2025,25,2025-06-19,974354,Brand B,Mumbai,Mulund,37,11639.14884,251
01/06/2025,25,2025-06-19,974356,Brand B,Mumbai,Powai,45,13459.83058,183
01/06/2025,25,2025-06-19,1037606,Brand A,Mumbai,Andheri East,58,22426.56416,268
01/06/2025,25,2025-06-19,1074224,Brand D,Mumbai,Matunga Wadala,1,326.95,8
01/06/2025,25,2025-06-20,70556,Brand D,Mumbai,Bandra West,2,1085.850012,20
01/06/2025,25,2025-06-20,76508,Brand D,Mumbai,Lower Parel Worli,1,1037.350024,13
01/06/2025,25,2025-06-20,76509,Brand D,Mumbai,Malad Kan West,1,393.95,13
01/06/2025,25,2025-06-20,76512,Brand D,Mumbai,Marol Sakinaka,2,1462.300024,30
01/06/2025,25,2025-06-20,83864,Brand D,Mumbai,Borivali,4,1940.600333,27
01/06/2025,25,2025-06-20,184604,Brand G,Mumbai,Malad Kan East,32,13415.37911,162
01/06/2025,25,2025-06-20,656170,Brand D,Mumbai,Chembur,6,4721.769977,31
01/06/2025,25,2025-06-20,668983,Brand D,Mumbai,Andheri West,1,532.1700012,9
01/06/2025,25,2025-06-20,688993,Brand E,Mumbai,Marol Sakinaka,6,7034.650419,88
01/06/2025,25,2025-06-20,783761,Brand D,Mumbai,CBD Belapur,1,337.45,17
01/06/2025,25,2025-06-20,880733,Brand C,Mumbai,Vashi,6,2966.425321,66
01/06/2025,25,2025-06-20,974354,Brand B,Mumbai,Mulund,32,10226.2588,215
01/06/2025,25,2025-06-20,974356,Brand B,Mumbai,Powai,42,15137.92733,199
01/06/2025,25,2025-06-20,1037606,Brand A,Mumbai,Andheri East,61,21405.56096,246
01/06/2025,25,2025-06-20,1074224,Brand D,Mumbai,Matunga Wadala,1,689.4000122,7
01/06/2025,25,2025-06-21,70556,Brand D,Mumbai,Bandra West,1,347.7,14
01/06/2025,25,2025-06-21,76508,Brand D,Mumbai,Lower Parel Worli,3,1828.250654,12
01/06/2025,25,2025-06-21,76509,Brand D,Mumbai,Malad Kan West,1,1131.600024,10
01/06/2025,25,2025-06-21,76512,Brand D,Mumbai,Marol Sakinaka,7,2918.450012,31
01/06/2025,25,2025-06-21,83864,Brand D,Mumbai,Borivali,3,1267.56999,23
01/06/2025,25,2025-06-21,184604,Brand G,Mumbai,Malad Kan East,44,19019.55411,245
01/06/2025,25,2025-06-21,656170,Brand D,Mumbai,Chembur,2,1666.500352,21
01/06/2025,25,2025-06-21,688993,Brand E,Mumbai,Marol Sakinaka,4,4251.100303,101
01/06/2025,25,2025-06-21,783761,Brand D,Mumbai,CBD Belapur,2,1016.600012,24
01/06/2025,25,2025-06-21,880733,Brand C,Mumbai,Vashi,11,7772.102742,66
01/06/2025,25,2025-06-21,974354,Brand B,Mumbai,Mulund,21,7302.8617,194
01/06/2025,25,2025-06-21,974356,Brand B,Mumbai,Powai,44,17142.39373,210
01/06/2025,25,2025-06-21,1037606,Brand A,Mumbai,Andheri East,63,25186.38124,333
01/06/2025,25,2025-06-21,1053297,Brand D,Mumbai,Powai,1,693.1500122,5
01/06/2025,25,2025-06-22,70556,Brand D,Mumbai,Bandra West,2,762.5000061,10
01/06/2025,25,2025-06-22,76509,Brand D,Mumbai,Malad Kan West,2,1083.350007,10
01/06/2025,25,2025-06-22,76512,Brand D,Mumbai,Marol Sakinaka,2,1799.750037,19
01/06/2025,25,2025-06-22,83864,Brand D,Mumbai,Borivali,3,1725.300734,32
01/06/2025,25,2025-06-22,184604,Brand G,Mumbai,Malad Kan East,41,19355.4232,241
01/06/2025,25,2025-06-22,656170,Brand D,Mumbai,Chembur,5,3063.800038,23
01/06/2025,25,2025-06-22,668983,Brand D,Mumbai,Andheri West,2,1013.850012,13
01/06/2025,25,2025-06-22,688993,Brand E,Mumbai,Marol Sakinaka,9,8676.501678,123
01/06/2025,25,2025-06-22,783761,Brand D,Mumbai,CBD Belapur,2,2402.340427,20
01/06/2025,25,2025-06-22,828997,Brand D,Mumbai,Thane,1,737.6503271,2
01/06/2025,25,2025-06-22,880733,Brand C,Mumbai,Vashi,3,2628.851777,56
01/06/2025,25,2025-06-22,974354,Brand B,Mumbai,Mulund,35,12940.75985,212
01/06/2025,25,2025-06-22,974356,Brand B,Mumbai,Powai,35,11765.3931,200
01/06/2025,25,2025-06-22,1037606,Brand A,Mumbai,Andheri East,67,28550.50934,319
01/06/2025,26,2025-06-23,70556,Brand D,Mumbai,Bandra West,3,1189.550012,13
01/06/2025,26,2025-06-23,76512,Brand D,Mumbai,Marol Sakinaka,1,383.45,20
01/06/2025,26,2025-06-23,184604,Brand G,Mumbai,Malad Kan East,34,13222.31815,173
01/06/2025,26,2025-06-23,656170,Brand D,Mumbai,Chembur,2,1063.850012,18
01/06/2025,26,2025-06-23,668983,Brand D,Mumbai,Andheri West,2,756.3999878,6
01/06/2025,26,2025-06-23,688993,Brand E,Mumbai,Marol Sakinaka,1,1991.500698,47
01/06/2025,26,2025-06-23,783761,Brand D,Mumbai,CBD Belapur,1,372.95,17
01/06/2025,26,2025-06-23,828997,Brand D,Mumbai,Thane,1,858.6200134,2
01/06/2025,26,2025-06-23,880733,Brand C,Mumbai,Vashi,3,1773.100334,40
01/06/2025,26,2025-06-23,974354,Brand B,Mumbai,Mulund,20,7339.217032,147
01/06/2025,26,2025-06-23,974356,Brand B,Mumbai,Powai,15,5487.139943,142
01/06/2025,26,2025-06-23,1037606,Brand A,Mumbai,Andheri East,56,20119.44791,259
01/06/2025,26,2025-06-23,1074224,Brand D,Mumbai,Matunga Wadala,2,630.399989,10
01/06/2025,26,2025-06-24,70556,Brand D,Mumbai,Bandra West,1,236.45,15
01/06/2025,26,2025-06-24,76509,Brand D,Mumbai,Malad Kan West,1,372.95,11
01/06/2025,26,2025-06-24,184604,Brand G,Mumbai,Malad Kan East,31,10738.56698,184
01/06/2025,26,2025-06-24,656170,Brand D,Mumbai,Chembur,4,1674.250327,19
01/06/2025,26,2025-06-24,688993,Brand E,Mumbai,Marol Sakinaka,3,1950.549982,66
01/06/2025,26,2025-06-24,783761,Brand D,Mumbai,CBD Belapur,1,236.45,17
01/06/2025,26,2025-06-24,880733,Brand C,Mumbai,Vashi,5,2791.600682,22
01/06/2025,26,2025-06-24,974354,Brand B,Mumbai,Mulund,24,7746.146911,178
01/06/2025,26,2025-06-24,974356,Brand B,Mumbai,Powai,26,7645.781053,172
01/06/2025,26,2025-06-24,1037606,Brand A,Mumbai,Andheri East,54,18711.2042,234
01/06/2025,26,2025-06-24,1074224,Brand D,Mumbai,Matunga Wadala,1,257.45,9
01/06/2025,26,2025-06-25,70556,Brand D,Mumbai,Bandra West,1,347.95,4
01/06/2025,26,2025-06-25,76508,Brand D,Mumbai,Lower Parel Worli,1,1027.100024,16
01/06/2025,26,2025-06-25,76512,Brand D,Mumbai,Marol Sakinaka,3,2003.450037,22
01/06/2025,26,2025-06-25,83864,Brand D,Mumbai,Borivali,2,1110.050024,22
01/06/2025,26,2025-06-25,184604,Brand G,Mumbai,Malad Kan East,30,9728.97406,169
01/06/2025,26,2025-06-25,656170,Brand D,Mumbai,Chembur,2,798.4,17
01/06/2025,26,2025-06-25,668983,Brand D,Mumbai,Andheri West,2,1120.850012,7
01/06/2025,26,2025-06-25,688993,Brand E,Mumbai,Marol Sakinaka,2,671.9999878,64
01/06/2025,26,2025-06-25,828997,Brand D,Mumbai,Thane,1,245.95,8
01/06/2025,26,2025-06-25,880733,Brand C,Mumbai,Vashi,3,1246.717869,43
01/06/2025,26,2025-06-25,974354,Brand B,Mumbai,Mulund,31,12610.94621,197
01/06/2025,26,2025-06-25,974356,Brand B,Mumbai,Powai,28,7864.711416,165
01/06/2025,26,2025-06-25,1037606,Brand A,Mumbai,Andheri East,54,18099.38417,243
01/06/2025,26,2025-06-26,70556,Brand D,Mumbai,Bandra West,4,1896.800031,18
01/06/2025,26,2025-06-26,76508,Brand D,Mumbai,Lower Parel Worli,2,1462.800024,7
01/06/2025,26,2025-06-26,76509,Brand D,Mumbai,Malad Kan West,1,383.45,9
01/06/2025,26,2025-06-26,76512,Brand D,Mumbai,Marol Sakinaka,2,957.3700012,21
01/06/2025,26,2025-06-26,83864,Brand D,Mumbai,Borivali,1,717.1500122,16
01/06/2025,26,2025-06-26,184604,Brand G,Mumbai,Malad Kan East,35,13725.9815,189
01/06/2025,26,2025-06-26,656170,Brand D,Mumbai,Chembur,2,766.9,20
01/06/2025,26,2025-06-26,668983,Brand D,Mumbai,Andheri West,1,372.95,5
01/06/2025,26,2025-06-26,688993,Brand E,Mumbai,Marol Sakinaka,1,993.2999756,53
01/06/2025,26,2025-06-26,828997,Brand D,Mumbai,Thane,1,371.95,5
01/06/2025,26,2025-06-26,880733,Brand C,Mumbai,Vashi,5,2614.500695,37
01/06/2025,26,2025-06-26,974354,Brand B,Mumbai,Mulund,20,6671.184737,142
01/06/2025,26,2025-06-26,974356,Brand B,Mumbai,Powai,25,8555.317981,172
01/06/2025,26,2025-06-26,1037606,Brand A,Mumbai,Andheri East,61,22593.085,305
01/06/2025,26,2025-06-27,70556,Brand D,Mumbai,Bandra West,4,2524.400037,18
01/06/2025,26,2025-06-27,76508,Brand D,Mumbai,Lower Parel Worli,1,2098.700376,12
01/06/2025,26,2025-06-27,76509,Brand D,Mumbai,Malad Kan West,2,630.4,12
01/06/2025,26,2025-06-27,76512,Brand D,Mumbai,Marol Sakinaka,2,1114.450018,27
01/06/2025,26,2025-06-27,83864,Brand D,Mumbai,Borivali,1,372.95,25
01/06/2025,26,2025-06-27,184604,Brand G,Mumbai,Malad Kan East,38,13699.53245,214
01/06/2025,26,2025-06-27,656170,Brand D,Mumbai,Chembur,1,225.9700043,24
01/06/2025,26,2025-06-27,668983,Brand D,Mumbai,Andheri West,2,1959.499976,8
01/06/2025,26,2025-06-27,688993,Brand E,Mumbai,Marol Sakinaka,5,3090.849915,100
01/06/2025,26,2025-06-27,783761,Brand D,Mumbai,CBD Belapur,2,870.8503882,9
01/06/2025,26,2025-06-27,880733,Brand C,Mumbai,Vashi,5,2334.849976,39
01/06/2025,26,2025-06-27,974354,Brand B,Mumbai,Mulund,20,6671.636355,177
01/06/2025,26,2025-06-27,974356,Brand B,Mumbai,Powai,35,10515.30992,182
01/06/2025,26,2025-06-27,1037606,Brand A,Mumbai,Andheri East,66,23692.83044,316
01/06/2025,26,2025-06-28,70556,Brand D,Mumbai,Bandra West,1,695.6500122,15
01/06/2025,26,2025-06-28,76508,Brand D,Mumbai,Lower Parel Worli,1,1146.600339,10
01/06/2025,26,2025-06-28,76509,Brand D,Mumbai,Malad Kan West,1,362.45,9
01/06/2025,26,2025-06-28,76512,Brand D,Mumbai,Marol Sakinaka,3,2042.95002,33
01/06/2025,26,2025-06-28,83864,Brand D,Mumbai,Borivali,2,1416.550024,30
01/06/2025,26,2025-06-28,184604,Brand G,Mumbai,Malad Kan East,55,23292.45913,290
01/06/2025,26,2025-06-28,656170,Brand D,Mumbai,Chembur,4,2597.900031,27
01/06/2025,26,2025-06-28,668983,Brand D,Mumbai,Andheri West,1,720.6500122,8
01/06/2025,26,2025-06-28,688993,Brand E,Mumbai,Marol Sakinaka,7,11831.05215,102
01/06/2025,26,2025-06-28,783761,Brand D,Mumbai,CBD Belapur,1,498.95,11
01/06/2025,26,2025-06-28,880733,Brand C,Mumbai,Vashi,5,3703.701409,56
01/06/2025,26,2025-06-28,974354,Brand B,Mumbai,Mulund,29,10853.70624,230
01/06/2025,26,2025-06-28,974356,Brand B,Mumbai,Powai,35,12140.93849,177
01/06/2025,26,2025-06-28,1037606,Brand A,Mumbai,Andheri East,85,34258.58652,371
01/06/2025,26,2025-06-28,1074224,Brand D,Mumbai,Matunga Wadala,2,1170.100012,9
01/06/2025,26,2025-06-29,70556,Brand D,Mumbai,Bandra West,2,1312.900437,16
01/06/2025,26,2025-06-29,76512,Brand D,Mumbai,Marol Sakinaka,3,3165.300012,15
01/06/2025,26,2025-06-29,184604,Brand G,Mumbai,Malad Kan East,59,27187.25661,329
01/06/2025,26,2025-06-29,656170,Brand D,Mumbai,Chembur,5,3554.25037,29
01/06/2025,26,2025-06-29,688993,Brand E,Mumbai,Marol Sakinaka,6,6552.000709,148
01/06/2025,26,2025-06-29,783761,Brand D,Mumbai,CBD Belapur,1,1504.339941,12
01/06/2025,26,2025-06-29,880733,Brand C,Mumbai,Vashi,7,4251.626012,51
01/06/2025,26,2025-06-29,974354,Brand B,Mumbai,Mulund,54,20371.64786,267
01/06/2025,26,2025-06-29,974356,Brand B,Mumbai,Powai,52,16919.85172,208
01/06/2025,26,2025-06-29,1037606,Brand A,Mumbai,Andheri East,76,32955.06361,405
01/06/2025,26,2025-06-29,1074224,Brand D,Mumbai,Matunga Wadala,1,674.9000122,7
01/06/2025,27,2025-06-30,70556,Brand D,Mumbai,Bandra West,1,695.6500122,12
01/06/2025,27,2025-06-30,76512,Brand D,Mumbai,Marol Sakinaka,5,3023.300049,18
01/06/2025,27,2025-06-30,83864,Brand D,Mumbai,Borivali,3,1793.6,17
01/06/2025,27,2025-06-30,184604,Brand G,Mumbai,Malad Kan East,41,14258.55441,219
01/06/2025,27,2025-06-30,656170,Brand D,Mumbai,Chembur,5,3382.650522,22
01/06/2025,27,2025-06-30,668983,Brand D,Mumbai,Andheri West,1,383.45,6
01/06/2025,27,2025-06-30,688993,Brand E,Mumbai,Marol Sakinaka,4,2902.900352,71
01/06/2025,27,2025-06-30,783761,Brand D,Mumbai,CBD Belapur,1,383.45,9
01/06/2025,27,2025-06-30,880733,Brand C,Mumbai,Vashi,7,4114.952482,34
01/06/2025,27,2025-06-30,974354,Brand B,Mumbai,Mulund,29,10289.14972,175
01/06/2025,27,2025-06-30,974356,Brand B,Mumbai,Powai,31,10278.53464,164
01/06/2025,27,2025-06-30,1037606,Brand A,Mumbai,Andheri East,66,27469.46582,301
01/06/2025,27,2025-06-30,1074224,Brand D,Mumbai,Matunga Wadala,2,1026.850012,10
01/07/2025,27,2025-07-01,70556,Brand D,Mumbai,Bandra West,1,393.5500061,6
01/07/2025,27,2025-07-01,76509,Brand D,Mumbai,Malad Kan West,1,720.9000122,8
01/07/2025,27,2025-07-01,76512,Brand D,Mumbai,Marol Sakinaka,1,1405.799976,20
01/07/2025,27,2025-07-01,184604,Brand G,Mumbai,Malad Kan East,43,15252.6368,270
01/07/2025,27,2025-07-01,656170,Brand D,Mumbai,Chembur,4,1804.250012,18
01/07/2025,27,2025-07-01,668983,Brand D,Mumbai,Andheri West,1,372.5500061,6
01/07/2025,27,2025-07-01,688993,Brand E,Mumbai,Marol Sakinaka,8,7694.050981,76
01/07/2025,27,2025-07-01,783761,Brand D,Mumbai,CBD Belapur,1,717.1503271,10
01/07/2025,27,2025-07-01,880733,Brand C,Mumbai,Vashi,8,4177.42677,58
01/07/2025,27,2025-07-01,974354,Brand B,Mumbai,Mulund,33,11253.23163,178
01/07/2025,27,2025-07-01,974356,Brand B,Mumbai,Powai,28,9647.323913,152
01/07/2025,27,2025-07-01,1037606,Brand A,Mumbai,Andheri East,52,20207.48969,255
01/07/2025,27,2025-07-02,76512,Brand D,Mumbai,Marol Sakinaka,1,372.95,18
01/07/2025,27,2025-07-02,83864,Brand D,Mumbai,Borivali,2,1208.050391,19
01/07/2025,27,2025-07-02,184604,Brand G,Mumbai,Malad Kan East,33,12133.71771,186
01/07/2025,27,2025-07-02,656170,Brand D,Mumbai,Chembur,8,4963.300012,25
01/07/2025,27,2025-07-02,688993,Brand E,Mumbai,Marol Sakinaka,7,7587.350764,97
01/07/2025,27,2025-07-02,828997,Brand D,Mumbai,Thane,1,730.1500122,7
01/07/2025,27,2025-07-02,880733,Brand C,Mumbai,Vashi,5,2260.475382,46
01/07/2025,27,2025-07-02,974354,Brand B,Mumbai,Mulund,21,7537.738874,218
01/07/2025,27,2025-07-02,974356,Brand B,Mumbai,Powai,27,9252.774575,132
01/07/2025,27,2025-07-02,1037606,Brand A,Mumbai,Andheri East,46,14954.03368,181
01/07/2025,27,2025-07-02,1074224,Brand D,Mumbai,Matunga Wadala,1,877.3500244,3
01/07/2025,27,2025-07-03,70556,Brand D,Mumbai,Bandra West,1,383.45,14
01/07/2025,27,2025-07-03,76512,Brand D,Mumbai,Marol Sakinaka,3,1103.950006,22
01/07/2025,27,2025-07-03,83864,Brand D,Mumbai,Borivali,1,347.9499939,17
01/07/2025,27,2025-07-03,184604,Brand G,Mumbai,Malad Kan East,52,20861.37174,261
01/07/2025,27,2025-07-03,656170,Brand D,Mumbai,Chembur,5,2051.220016,15
01/07/2025,27,2025-07-03,688993,Brand E,Mumbai,Marol Sakinaka,2,2379.300339,81
01/07/2025,27,2025-07-03,783761,Brand D,Mumbai,CBD Belapur,1,383.45,9
01/07/2025,27,2025-07-03,828997,Brand D,Mumbai,Thane,1,705.1503271,2
01/07/2025,27,2025-07-03,880733,Brand C,Mumbai,Vashi,6,3153.325721,68
01/07/2025,27,2025-07-03,974354,Brand B,Mumbai,Mulund,32,9483.892797,242
01/07/2025,27,2025-07-03,974356,Brand B,Mumbai,Powai,28,10354.69707,149
01/07/2025,27,2025-07-03,1037606,Brand A,Mumbai,Andheri East,80,27013.27443,285
01/07/2025,27,2025-07-03,1053297,Brand D,Mumbai,Powai,1,661.6500122,1
01/07/2025,27,2025-07-04,70556,Brand D,Mumbai,Bandra West,3,1894.201042,16
01/07/2025,27,2025-07-04,76512,Brand D,Mumbai,Marol Sakinaka,2,1426.400031,25
01/07/2025,27,2025-07-04,83864,Brand D,Mumbai,Borivali,1,705.9000122,28
01/07/2025,27,2025-07-04,184604,Brand G,Mumbai,Malad Kan East,31,13971.53257,245
01/07/2025,27,2025-07-04,656170,Brand D,Mumbai,Chembur,2,1722.750352,26
01/07/2025,27,2025-07-04,688993,Brand E,Mumbai,Marol Sakinaka,5,7512.400776,95
01/07/2025,27,2025-07-04,783761,Brand D,Mumbai,CBD Belapur,5,2208.950327,19
01/07/2025,27,2025-07-04,880733,Brand C,Mumbai,Vashi,13,6634.776761,116
01/07/2025,27,2025-07-04,974354,Brand B,Mumbai,Mulund,25,8381.489218,209
01/07/2025,27,2025-07-04,974356,Brand B,Mumbai,Powai,26,8079.04707,173
01/07/2025,27,2025-07-04,1037606,Brand A,Mumbai,Andheri East,80,28513.22558,319
01/07/2025,27,2025-07-04,1074224,Brand D,Mumbai,Matunga Wadala,1,347.7,12
01/07/2025,27,2025-07-05,70556,Brand D,Mumbai,Bandra West,3,1079.35,20
01/07/2025,27,2025-07-05,76508,Brand D,Mumbai,Lower Parel Worli,1,705.9000122,15
01/07/2025,27,2025-07-05,76509,Brand D,Mumbai,Malad Kan West,1,358.2,8
01/07/2025,27,2025-07-05,76512,Brand D,Mumbai,Marol Sakinaka,1,1437.299976,23
01/07/2025,27,2025-07-05,83864,Brand D,Mumbai,Borivali,2,651.021994,26
01/07/2025,27,2025-07-05,184604,Brand G,Mumbai,Malad Kan East,68,27175.4227,460
01/07/2025,27,2025-07-05,656170,Brand D,Mumbai,Chembur,7,4939.80037,36
01/07/2025,27,2025-07-05,668983,Brand D,Mumbai,Andheri West,2,630.4,13
01/07/2025,27,2025-07-05,688993,Brand E,Mumbai,Marol Sakinaka,10,29717.80248,135
01/07/2025,27,2025-07-05,783761,Brand D,Mumbai,CBD Belapur,2,1195.100327,13
01/07/2025,27,2025-07-05,828997,Brand D,Mumbai,Thane,1,417.95,7
01/07/2025,27,2025-07-05,880733,Brand C,Mumbai,Vashi,7,6020.352054,115
01/07/2025,27,2025-07-05,974354,Brand B,Mumbai,Mulund,39,12823.7995,265
01/07/2025,27,2025-07-05,974356,Brand B,Mumbai,Powai,43,16908.65798,267
01/07/2025,27,2025-07-05,1037606,Brand A,Mumbai,Andheri East,83,29776.88114,408
01/07/2025,27,2025-07-06,76509,Brand D,Mumbai,Malad Kan West,1,685.4000122,13
01/07/2025,27,2025-07-06,76512,Brand D,Mumbai,Marol Sakinaka,2,1384.800024,20
01/07/2025,27,2025-07-06,83864,Brand D,Mumbai,Borivali,5,2935.950358,39
01/07/2025,27,2025-07-06,184604,Brand G,Mumbai,Malad Kan East,99,38117.73851,609
01/07/2025,27,2025-07-06,656170,Brand D,Mumbai,Chembur,6,4130.699994,21
01/07/2025,27,2025-07-06,668983,Brand D,Mumbai,Andheri West,1,425.4499939,9
01/07/2025,27,2025-07-06,688993,Brand E,Mumbai,Marol Sakinaka,10,8095.150801,141
01/07/2025,27,2025-07-06,828997,Brand D,Mumbai,Thane,2,2505.400061,12
01/07/2025,27,2025-07-06,880733,Brand C,Mumbai,Vashi,16,8142.752137,157
01/07/2025,27,2025-07-06,974354,Brand B,Mumbai,Mulund,40,15152.96368,248
01/07/2025,27,2025-07-06,974356,Brand B,Mumbai,Powai,40,13508.38559,257
01/07/2025,27,2025-07-06,1037606,Brand A,Mumbai,Andheri East,103,40327.83235,464
01/07/2025,28,2025-07-07,70556,Brand D,Mumbai,Bandra West,3,1907.250024,21
01/07/2025,28,2025-07-07,76512,Brand D,Mumbai,Marol Sakinaka,3,1417.300012,25
01/07/2025,28,2025-07-07,83864,Brand D,Mumbai,Borivali,3,1012.450006,22
01/07/2025,28,2025-07-07,184604,Brand G,Mumbai,Malad Kan East,50,20561.29462,299
01/07/2025,28,2025-07-07,656170,Brand D,Mumbai,Chembur,3,2062.200413,15
01/07/2025,28,2025-07-07,668983,Brand D,Mumbai,Andheri West,3,1798.500024,12
01/07/2025,28,2025-07-07,688993,Brand E,Mumbai,Marol Sakinaka,6,6158.250333,89
01/07/2025,28,2025-07-07,828997,Brand D,Mumbai,Thane,1,346.95,7
01/07/2025,28,2025-07-07,880733,Brand C,Mumbai,Vashi,10,4657.100978,98
01/07/2025,28,2025-07-07,974354,Brand B,Mumbai,Mulund,26,8568.904273,187
01/07/2025,28,2025-07-07,974356,Brand B,Mumbai,Powai,26,9616.242761,141
01/07/2025,28,2025-07-07,1037606,Brand A,Mumbai,Andheri East,63,21336.8132,285
01/07/2025,28,2025-07-08,83864,Brand D,Mumbai,Borivali,2,650.4,22
01/07/2025,28,2025-07-08,184604,Brand G,Mumbai,Malad Kan East,41,15777.90237,303
01/07/2025,28,2025-07-08,656170,Brand D,Mumbai,Chembur,4,1956.750327,20
01/07/2025,28,2025-07-08,688993,Brand E,Mumbai,Marol Sakinaka,1,783.2999756,93
01/07/2025,28,2025-07-08,783761,Brand D,Mumbai,CBD Belapur,1,424.45,12
01/07/2025,28,2025-07-08,828997,Brand D,Mumbai,Thane,1,730.1500122,5
01/07/2025,28,2025-07-08,880733,Brand C,Mumbai,Vashi,6,3863.651844,106
01/07/2025,28,2025-07-08,974354,Brand B,Mumbai,Mulund,31,9420.329641,198
01/07/2025,28,2025-07-08,974356,Brand B,Mumbai,Powai,37,13084.13242,160
01/07/2025,28,2025-07-08,1037606,Brand A,Mumbai,Andheri East,80,26255.4292,320
01/07/2025,28,2025-07-08,1074224,Brand D,Mumbai,Matunga Wadala,1,215.4699966,5
01/07/2025,28,2025-07-09,70556,Brand D,Mumbai,Bandra West,2,1200.550715,16
01/07/2025,28,2025-07-09,76508,Brand D,Mumbai,Lower Parel Worli,1,1027.100024,12
01/07/2025,28,2025-07-09,76509,Brand D,Mumbai,Malad Kan West,2,1114.600012,14
01/07/2025,28,2025-07-09,76512,Brand D,Mumbai,Marol Sakinaka,1,1391.800352,22
01/07/2025,28,2025-07-09,83864,Brand D,Mumbai,Borivali,1,347.95,24
01/07/2025,28,2025-07-09,184604,Brand G,Mumbai,Malad Kan East,44,18518.96289,254
01/07/2025,28,2025-07-09,656170,Brand D,Mumbai,Chembur,3,1841.500024,22
01/07/2025,28,2025-07-09,668983,Brand D,Mumbai,Andheri West,1,393.5500061,8
01/07/2025,28,2025-07-09,688993,Brand E,Mumbai,Marol Sakinaka,4,3887.800315,91
01/07/2025,28,2025-07-09,783761,Brand D,Mumbai,CBD Belapur,2,1410.230491,15
01/07/2025,28,2025-07-09,880733,Brand C,Mumbai,Vashi,13,7527.90738,110
01/07/2025,28,2025-07-09,974354,Brand B,Mumbai,Mulund,22,7354.741655,176
01/07/2025,28,2025-07-09,974356,Brand B,Mumbai,Powai,25,8240.574509,174
01/07/2025,28,2025-07-09,1037606,Brand A,Mumbai,Andheri East,63,20621.06214,296
01/07/2025,28,2025-07-10,76509,Brand D,Mumbai,Malad Kan West,1,425.45,6
01/07/2025,28,2025-07-10,83864,Brand D,Mumbai,Borivali,4,1692.219998,22
01/07/2025,28,2025-07-10,184604,Brand G,Mumbai,Malad Kan East,43,21360.20628,272
01/07/2025,28,2025-07-10,656170,Brand D,Mumbai,Chembur,1,456.95,13
01/07/2025,28,2025-07-10,668983,Brand D,Mumbai,Andheri West,1,1096.350339,8
01/07/2025,28,2025-07-10,688993,Brand E,Mumbai,Marol Sakinaka,5,4883.900715,104
01/07/2025,28,2025-07-10,880733,Brand C,Mumbai,Vashi,2,1191.750382,81
01/07/2025,28,2025-07-10,974354,Brand B,Mumbai,Mulund,28,9113.176993,200
01/07/2025,28,2025-07-10,974356,Brand B,Mumbai,Powai,25,9260.924064,162
01/07/2025,28,2025-07-10,1037606,Brand A,Mumbai,Andheri East,77,24770.42255,326
01/07/2025,28,2025-07-10,1053297,Brand D,Mumbai,Powai,1,769.6503271,2
01/07/2025,28,2025-07-11,70556,Brand D,Mumbai,Bandra West,1,752.4000122,23
01/07/2025,28,2025-07-11,76512,Brand D,Mumbai,Marol Sakinaka,4,1621.099988,20
01/07/2025,28,2025-07-11,83864,Brand D,Mumbai,Borivali,2,1047.949988,27
01/07/2025,28,2025-07-11,184604,Brand G,Mumbai,Malad Kan East,48,20401.00537,279
01/07/2025,28,2025-07-11,656170,Brand D,Mumbai,Chembur,3,1064.349995,24
01/07/2025,28,2025-07-11,668983,Brand D,Mumbai,Andheri West,2,773.15,10
01/07/2025,28,2025-07-11,688993,Brand E,Mumbai,Marol Sakinaka,3,3794.350691,94
01/07/2025,28,2025-07-11,783761,Brand D,Mumbai,CBD Belapur,4,2772.230344,19
01/07/2025,28,2025-07-11,880733,Brand C,Mumbai,Vashi,10,5462.451779,103
01/07/2025,28,2025-07-11,974354,Brand B,Mumbai,Mulund,44,18811.65707,202
01/07/2025,28,2025-07-11,974356,Brand B,Mumbai,Powai,31,12010.24798,202
01/07/2025,28,2025-07-11,1037606,Brand A,Mumbai,Andheri East,67,25644.70487,289
01/07/2025,28,2025-07-11,1053297,Brand D,Mumbai,Powai,1,271.95,2
01/07/2025,28,2025-07-11,1074224,Brand D,Mumbai,Matunga Wadala,2,911.3500122,12
01/07/2025,28,2025-07-12,70556,Brand D,Mumbai,Bandra West,2,1437.4,18
01/07/2025,28,2025-07-12,76508,Brand D,Mumbai,Lower Parel Worli,2,741.9000122,6
01/07/2025,28,2025-07-12,76509,Brand D,Mumbai,Malad Kan West,1,404.45,11
01/07/2025,28,2025-07-12,83864,Brand D,Mumbai,Borivali,1,404.45,21
01/07/2025,28,2025-07-12,184604,Brand G,Mumbai,Malad Kan East,68,25995.9351,366
01/07/2025,28,2025-07-12,656170,Brand D,Mumbai,Chembur,4,4447.192393,20
01/07/2025,28,2025-07-12,668983,Brand D,Mumbai,Andheri West,2,731.4,9
01/07/2025,28,2025-07-12,688993,Brand E,Mumbai,Marol Sakinaka,6,6448.050667,133
01/07/2025,28,2025-07-12,783761,Brand D,Mumbai,CBD Belapur,1,727.6503271,10
01/07/2025,28,2025-07-12,828997,Brand D,Mumbai,Thane,1,694.1500122,8
01/07/2025,28,2025-07-12,880733,Brand C,Mumbai,Vashi,8,4468.976082,99
01/07/2025,28,2025-07-12,974354,Brand B,Mumbai,Mulund,39,13005.65294,271
01/07/2025,28,2025-07-12,974356,Brand B,Mumbai,Powai,29,9793.127736,200
01/07/2025,28,2025-07-12,1037606,Brand A,Mumbai,Andheri East,75,24905.71287,355
01/07/2025,28,2025-07-13,70556,Brand D,Mumbai,Bandra West,1,383.0500061,22
01/07/2025,28,2025-07-13,76512,Brand D,Mumbai,Marol Sakinaka,1,347.7,19
01/07/2025,28,2025-07-13,184604,Brand G,Mumbai,Malad Kan East,70,30275.17521,387
01/07/2025,28,2025-07-13,656170,Brand D,Mumbai,Chembur,4,1444.500388,31
01/07/2025,28,2025-07-13,668983,Brand D,Mumbai,Andheri West,1,347.95,12
01/07/2025,28,2025-07-13,688993,Brand E,Mumbai,Marol Sakinaka,3,2661.400364,132
01/07/2025,28,2025-07-13,783761,Brand D,Mumbai,CBD Belapur,1,1078.350024,19
01/07/2025,28,2025-07-13,880733,Brand C,Mumbai,Vashi,9,5721.627054,101
01/07/2025,28,2025-07-13,974354,Brand B,Mumbai,Mulund,49,17674.31737,276
01/07/2025,28,2025-07-13,974356,Brand B,Mumbai,Powai,42,14331.81919,230
01/07/2025,28,2025-07-13,1037606,Brand A,Mumbai,Andheri East,76,29944.8765,381
01/07/2025,29,2025-07-14,70556,Brand D,Mumbai,Bandra West,1,392.95,16
01/07/2025,29,2025-07-14,76512,Brand D,Mumbai,Marol Sakinaka,1,371.95,19
01/07/2025,29,2025-07-14,83864,Brand D,Mumbai,Borivali,1,720.1500122,19
01/07/2025,29,2025-07-14,184604,Brand G,Mumbai,Malad Kan East,51,17572.25819,263
01/07/2025,29,2025-07-14,656170,Brand D,Mumbai,Chembur,2,573.9200043,22
01/07/2025,29,2025-07-14,880733,Brand C,Mumbai,Vashi,1,,11
01/07/2025,29,2025-07-14,974354,Brand B,Mumbai,Mulund,26,8424.939094,172
01/07/2025,29,2025-07-14,974356,Brand B,Mumbai,Powai,24,9653.704163,154
01/07/2025,29,2025-07-14,1037606,Brand A,Mumbai,Andheri East,64,20193.20957,297
01/07/2025,29,2025-07-14,1053297,Brand D,Mumbai,Powai,1,790.6503271,3
01/07/2025,29,2025-07-14,1074224,Brand D,Mumbai,Matunga Wadala,1,1183.350049,6
01/07/2025,29,2025-07-15,70556,Brand D,Mumbai,Bandra West,2,1028.4,6
01/07/2025,29,2025-07-15,76509,Brand D,Mumbai,Malad Kan West,2,1145.100012,8
01/07/2025,29,2025-07-15,76512,Brand D,Mumbai,Marol Sakinaka,2,1210.570013,24
01/07/2025,29,2025-07-15,83864,Brand D,Mumbai,Borivali,4,2340.700024,26
01/07/2025,29,2025-07-15,184604,Brand G,Mumbai,Malad Kan East,32,12683.55429,226
01/07/2025,29,2025-07-15,656170,Brand D,Mumbai,Chembur,4,1412.05,29
01/07/2025,29,2025-07-15,688993,Brand E,Mumbai,Marol Sakinaka,3,4906.300825,85
01/07/2025,29,2025-07-15,880733,Brand C,Mumbai,Vashi,11,5420.976422,75
01/07/2025,29,2025-07-15,974354,Brand B,Mumbai,Mulund,24,7880.769929,203
01/07/2025,29,2025-07-15,974356,Brand B,Mumbai,Powai,34,11582.99275,141
01/07/2025,29,2025-07-15,1037606,Brand A,Mumbai,Andheri East,63,19770.16324,316
01/07/2025,29,2025-07-15,1074224,Brand D,Mumbai,Matunga Wadala,1,674.9000122,4
01/07/2025,29,2025-07-16,76508,Brand D,Mumbai,Lower Parel Worli,1,1090.100024,10
01/07/2025,29,2025-07-16,76512,Brand D,Mumbai,Marol Sakinaka,1,981.1000244,22
01/07/2025,29,2025-07-16,83864,Brand D,Mumbai,Borivali,2,892.5000061,20
01/07/2025,29,2025-07-16,184604,Brand G,Mumbai,Malad Kan East,42,19022.96206,196
01/07/2025,29,2025-07-16,656170,Brand D,Mumbai,Chembur,3,1800.500024,16
01/07/2025,29,2025-07-16,688993,Brand E,Mumbai,Marol Sakinaka,1,3439.801104,103
01/07/2025,29,2025-07-16,783761,Brand D,Mumbai,CBD Belapur,1,372.95,8
01/07/2025,29,2025-07-16,880733,Brand C,Mumbai,Vashi,7,2607.849982,58
01/07/2025,29,2025-07-16,974354,Brand B,Mumbai,Mulund,53,17857.49328,518
01/07/2025,29,2025-07-16,974356,Brand B,Mumbai,Powai,24,8927.802453,351
01/07/2025,29,2025-07-16,1037606,Brand A,Mumbai,Andheri East,58,16774.57284,273
01/07/2025,29,2025-07-17,184604,Brand G,Mumbai,Malad Kan East,34,12045.30425,195
01/07/2025,29,2025-07-17,656170,Brand D,Mumbai,Chembur,1,705.9000122,21
01/07/2025,29,2025-07-17,668983,Brand D,Mumbai,Andheri West,1,731.1500122,6
01/07/2025,29,2025-07-17,688993,Brand E,Mumbai,Marol Sakinaka,4,3514.000012,80
01/07/2025,29,2025-07-17,880733,Brand C,Mumbai,Vashi,4,2068.850703,61
01/07/2025,29,2025-07-17,974354,Brand B,Mumbai,Mulund,34,12060.59204,218
01/07/2025,29,2025-07-17,974356,Brand B,Mumbai,Powai,28,11276.36521,181
01/07/2025,29,2025-07-17,1037606,Brand A,Mumbai,Andheri East,65,25812.18845,334
01/07/2025,29,2025-07-18,70556,Brand D,Mumbai,Bandra West,2,695.9,14
01/07/2025,29,2025-07-18,76512,Brand D,Mumbai,Marol Sakinaka,1,414.5500061,23
01/07/2025,29,2025-07-18,184604,Brand G,Mumbai,Malad Kan East,21,8500.235919,158
01/07/2025,29,2025-07-18,656170,Brand D,Mumbai,Chembur,6,4588.470396,32
01/07/2025,29,2025-07-18,688993,Brand E,Mumbai,Marol Sakinaka,8,12106.1509,121
01/07/2025,29,2025-07-18,828997,Brand D,Mumbai,Thane,1,1150.850024,7
01/07/2025,29,2025-07-18,880733,Brand C,Mumbai,Vashi,6,2378.775327,69
01/07/2025,29,2025-07-18,974354,Brand B,Mumbai,Mulund,43,17040.8023,226
01/07/2025,29,2025-07-18,974356,Brand B,Mumbai,Powai,28,12329.90299,174
01/07/2025,29,2025-07-18,1037606,Brand A,Mumbai,Andheri East,52,18926.46648,269
01/07/2025,29,2025-07-18,1073491,Brand D,Mumbai,Mulund,1,337.45,2
01/07/2025,29,2025-07-19,70556,Brand D,Mumbai,Bandra West,1,414.5500061,20
01/07/2025,29,2025-07-19,76508,Brand D,Mumbai,Lower Parel Worli,1,1597.940039,16
01/07/2025,29,2025-07-19,76509,Brand D,Mumbai,Malad Kan West,1,347.95,8
01/07/2025,29,2025-07-19,76512,Brand D,Mumbai,Marol Sakinaka,4,2626.722028,21
01/07/2025,29,2025-07-19,83864,Brand D,Mumbai,Borivali,2,1411.183972,28
01/07/2025,29,2025-07-19,184604,Brand G,Mumbai,Malad Kan East,38,13773.08681,224
01/07/2025,29,2025-07-19,656170,Brand D,Mumbai,Chembur,4,2792.600043,17
01/07/2025,29,2025-07-19,688993,Brand E,Mumbai,Marol Sakinaka,2,3240.300776,103
01/07/2025,29,2025-07-19,880733,Brand C,Mumbai,Vashi,14,7483.701811,76
01/07/2025,29,2025-07-19,974354,Brand B,Mumbai,Mulund,42,14054.15619,239
01/07/2025,29,2025-07-19,974356,Brand B,Mumbai,Powai,35,12723.36781,218
01/07/2025,29,2025-07-19,1037606,Brand A,Mumbai,Andheri East,56,21324.90169,341
01/07/2025,29,2025-07-19,1074224,Brand D,Mumbai,Matunga Wadala,1,425.45,8
01/07/2025,29,2025-07-20,76509,Brand D,Mumbai,Malad Kan West,2,3205.33999,9
01/07/2025,29,2025-07-20,76512,Brand D,Mumbai,Marol Sakinaka,4,2159.89397,29
01/07/2025,29,2025-07-20,83864,Brand D,Mumbai,Borivali,6,2534.850024,26
01/07/2025,29,2025-07-20,184604,Brand G,Mumbai,Malad Kan East,62,25209.45281,347
01/07/2025,29,2025-07-20,656170,Brand D,Mumbai,Chembur,3,1125.1,28
01/07/2025,29,2025-07-20,688993,Brand E,Mumbai,Marol Sakinaka,6,12953.15232,134
01/07/2025,29,2025-07-20,828997,Brand D,Mumbai,Thane,1,704.4000122,9
01/07/2025,29,2025-07-20,880733,Brand C,Mumbai,Vashi,9,6495.65244,103
01/07/2025,29,2025-07-20,974354,Brand B,Mumbai,Mulund,39,15285.82232,242
01/07/2025,29,2025-07-20,974356,Brand B,Mumbai,Powai,41,13573.92081,233
01/07/2025,29,2025-07-20,1037606,Brand A,Mumbai,Andheri East,76,31018.33818,442
01/07/2025,29,2025-07-20,1074224,Brand D,Mumbai,Matunga Wadala,1,347.7,13
01/07/2025,30,2025-07-21,70556,Brand D,Mumbai,Bandra West,2,1542.050339,15
01/07/2025,30,2025-07-21,76512,Brand D,Mumbai,Marol Sakinaka,2,1353.400031,9
01/07/2025,30,2025-07-21,83864,Brand D,Mumbai,Borivali,3,1484.800012,20
01/07/2025,30,2025-07-21,184604,Brand G,Mumbai,Malad Kan East,42,16534.84376,234
01/07/2025,30,2025-07-21,656170,Brand D,Mumbai,Chembur,1,246.95,18
01/07/2025,30,2025-07-21,668983,Brand D,Mumbai,Andheri West,1,382.45,6
01/07/2025,30,2025-07-21,688993,Brand E,Mumbai,Marol Sakinaka,3,3667.301018,92
01/07/2025,30,2025-07-21,783761,Brand D,Mumbai,CBD Belapur,2,764.9,15
01/07/2025,30,2025-07-21,880733,Brand C,Mumbai,Vashi,3,1923.076388,57
01/07/2025,30,2025-07-21,974354,Brand B,Mumbai,Mulund,20,7314.226725,194
01/07/2025,30,2025-07-21,974356,Brand B,Mumbai,Powai,31,11036.21558,178
01/07/2025,30,2025-07-21,1037606,Brand A,Mumbai,Andheri East,68,25465.36416,352
01/07/2025,30,2025-07-22,76509,Brand D,Mumbai,Malad Kan West,1,257.45,9
01/07/2025,30,2025-07-22,76512,Brand D,Mumbai,Marol Sakinaka,1,761.9000122,25
01/07/2025,30,2025-07-22,83864,Brand D,Mumbai,Borivali,2,1418.404004,24
01/07/2025,30,2025-07-22,184604,Brand G,Mumbai,Malad Kan East,44,16882.32344,183
01/07/2025,30,2025-07-22,656170,Brand D,Mumbai,Chembur,5,1881.700012,34
01/07/2025,30,2025-07-22,688993,Brand E,Mumbai,Marol Sakinaka,4,2986.20037,86
01/07/2025,30,2025-07-22,880733,Brand C,Mumbai,Vashi,9,9374.051641,65
01/07/2025,30,2025-07-22,974354,Brand B,Mumbai,Mulund,25,7787.304426,182
01/07/2025,30,2025-07-22,974356,Brand B,Mumbai,Powai,33,11772.59673,168
01/07/2025,30,2025-07-22,1037606,Brand A,Mumbai,Andheri East,60,21235.14192,309
01/07/2025,30,2025-07-23,70556,Brand D,Mumbai,Bandra West,1,425.0500061,24
01/07/2025,30,2025-07-23,76508,Brand D,Mumbai,Lower Parel Worli,1,685.4000122,17
01/07/2025,30,2025-07-23,76509,Brand D,Mumbai,Malad Kan West,1,,12
01/07/2025,30,2025-07-23,76512,Brand D,Mumbai,Marol Sakinaka,4,1596.150006,17
01/07/2025,30,2025-07-23,83864,Brand D,Mumbai,Borivali,3,1754.000024,33
01/07/2025,30,2025-07-23,184604,Brand G,Mumbai,Malad Kan East,41,15197.6427,242
01/07/2025,30,2025-07-23,656170,Brand D,Mumbai,Chembur,1,404.45,31
01/07/2025,30,2025-07-23,688993,Brand E,Mumbai,Marol Sakinaka,3,3949.050605,63
01/07/2025,30,2025-07-23,783761,Brand D,Mumbai,CBD Belapur,1,383.45,15
01/07/2025,30,2025-07-23,880733,Brand C,Mumbai,Vashi,12,7517.478506,123
01/07/2025,30,2025-07-23,974354,Brand B,Mumbai,Mulund,20,8088.808379,203
01/07/2025,30,2025-07-23,974356,Brand B,Mumbai,Powai,25,9212.886995,218
01/07/2025,30,2025-07-23,1037606,Brand A,Mumbai,Andheri East,64,27074.15888,314
01/07/2025,30,2025-07-23,1073491,Brand D,Mumbai,Mulund,1,564.3639954,8
01/07/2025,30,2025-07-23,1074224,Brand D,Mumbai,Matunga Wadala,2,1097.850026,7
01/07/2025,30,2025-07-24,70556,Brand D,Mumbai,Bandra West,2,1853.303967,13
01/07/2025,30,2025-07-24,76509,Brand D,Mumbai,Malad Kan West,2,798.4,12
01/07/2025,30,2025-07-24,83864,Brand D,Mumbai,Borivali,2,1249.300024,17
01/07/2025,30,2025-07-24,184604,Brand G,Mumbai,Malad Kan East,45,16273.86278,233
01/07/2025,30,2025-07-24,656170,Brand D,Mumbai,Chembur,1,372.95,22
01/07/2025,30,2025-07-24,668983,Brand D,Mumbai,Andheri West,1,685.4000122,6
01/07/2025,30,2025-07-24,688993,Brand E,Mumbai,Marol Sakinaka,2,2238.600327,77
01/07/2025,30,2025-07-24,783761,Brand D,Mumbai,CBD Belapur,2,1503.729993,7
01/07/2025,30,2025-07-24,828997,Brand D,Mumbai,Thane,1,346.95,6
01/07/2025,30,2025-07-24,880733,Brand C,Mumbai,Vashi,9,6291.60173,75
01/07/2025,30,2025-07-24,974354,Brand B,Mumbai,Mulund,28,9010.360439,168
01/07/2025,30,2025-07-24,974356,Brand B,Mumbai,Powai,36,12389.96631,169
01/07/2025,30,2025-07-24,1037606,Brand A,Mumbai,Andheri East,72,24109.4936,299
01/07/2025,30,2025-07-24,1073491,Brand D,Mumbai,Mulund,1,986.0499756,2
01/07/2025,30,2025-07-24,1074224,Brand D,Mumbai,Matunga Wadala,4,3755.150474,9
01/07/2025,30,2025-07-25,70556,Brand D,Mumbai,Bandra West,2,1108.350012,15
01/07/2025,30,2025-07-25,83864,Brand D,Mumbai,Borivali,1,685.4000122,22
01/07/2025,30,2025-07-25,184604,Brand G,Mumbai,Malad Kan East,41,17806.97938,276
01/07/2025,30,2025-07-25,656170,Brand D,Mumbai,Chembur,4,2095.450024,30
01/07/2025,30,2025-07-25,668983,Brand D,Mumbai,Andheri West,1,362.45,7
01/07/2025,30,2025-07-25,688993,Brand E,Mumbai,Marol Sakinaka,5,3742.899902,81
01/07/2025,30,2025-07-25,880733,Brand C,Mumbai,Vashi,11,6925.977219,90
01/07/2025,30,2025-07-25,974354,Brand B,Mumbai,Mulund,34,10754.50237,200
01/07/2025,30,2025-07-25,974356,Brand B,Mumbai,Powai,30,11507.40545,177
01/07/2025,30,2025-07-25,1037606,Brand A,Mumbai,Andheri East,78,32788.41164,340
01/07/2025,30,2025-07-25,1074224,Brand D,Mumbai,Matunga Wadala,1,299.45,7
01/07/2025,30,2025-07-26,76512,Brand D,Mumbai,Marol Sakinaka,4,1751.500012,22
01/07/2025,30,2025-07-26,83864,Brand D,Mumbai,Borivali,3,932.1200043,19
01/07/2025,30,2025-07-26,184604,Brand G,Mumbai,Malad Kan East,69,28151.31572,382
01/07/2025,30,2025-07-26,656170,Brand D,Mumbai,Chembur,7,3958.671071,35
01/07/2025,30,2025-07-26,688993,Brand E,Mumbai,Marol Sakinaka,10,17360.0011,99
01/07/2025,30,2025-07-26,783761,Brand D,Mumbai,CBD Belapur,2,798.4,10
01/07/2025,30,2025-07-26,828997,Brand D,Mumbai,Thane,2,603.15,5
01/07/2025,30,2025-07-26,880733,Brand C,Mumbai,Vashi,15,7890.57681,106
01/07/2025,30,2025-07-26,974354,Brand B,Mumbai,Mulund,27,10432.25099,226
01/07/2025,30,2025-07-26,974356,Brand B,Mumbai,Powai,41,17045.96074,234
01/07/2025,30,2025-07-26,1037606,Brand A,Mumbai,Andheri East,61,24557.59569,363
01/07/2025,30,2025-07-27,70556,Brand D,Mumbai,Bandra West,3,1785.600345,24
01/07/2025,30,2025-07-27,76509,Brand D,Mumbai,Malad Kan West,1,717.1503271,7
01/07/2025,30,2025-07-27,76512,Brand D,Mumbai,Marol Sakinaka,1,372.95,14
01/07/2025,30,2025-07-27,184604,Brand G,Mumbai,Malad Kan East,77,32494.97245,460
01/07/2025,30,2025-07-27,656170,Brand D,Mumbai,Chembur,7,2449.150012,25
01/07/2025,30,2025-07-27,668983,Brand D,Mumbai,Andheri West,1,705.9000122,7
01/07/2025,30,2025-07-27,688993,Brand E,Mumbai,Marol Sakinaka,11,11206.65067,129
01/07/2025,30,2025-07-27,828997,Brand D,Mumbai,Thane,3,1992.700037,13
01/07/2025,30,2025-07-27,880733,Brand C,Mumbai,Vashi,15,7887.133069,101
01/07/2025,30,2025-07-27,974354,Brand B,Mumbai,Mulund,41,17540.61629,235
01/07/2025,30,2025-07-27,974356,Brand B,Mumbai,Powai,56,17845.51117,255
01/07/2025,30,2025-07-27,1037606,Brand A,Mumbai,Andheri East,82,30698.70092,405
01/07/2025,30,2025-07-27,1074224,Brand D,Mumbai,Matunga Wadala,1,674.9000122,8
01/07/2025,31,2025-07-28,70556,Brand D,Mumbai,Bandra West,2,764.9,8
01/07/2025,31,2025-07-28,76508,Brand D,Mumbai,Lower Parel Worli,1,1057.600024,11
01/07/2025,31,2025-07-28,76512,Brand D,Mumbai,Marol Sakinaka,1,371.95,14
01/07/2025,31,2025-07-28,184604,Brand G,Mumbai,Malad Kan East,43,14030.77036,332
01/07/2025,31,2025-07-28,656170,Brand D,Mumbai,Chembur,3,1262.849994,17
01/07/2025,31,2025-07-28,668983,Brand D,Mumbai,Andheri West,3,1105.35,7
01/07/2025,31,2025-07-28,688993,Brand E,Mumbai,Marol Sakinaka,2,1398.599995,62
01/07/2025,31,2025-07-28,880733,Brand C,Mumbai,Vashi,7,4291.526351,61
01/07/2025,31,2025-07-28,974354,Brand B,Mumbai,Mulund,25,9586.376591,149
01/07/2025,31,2025-07-28,974356,Brand B,Mumbai,Powai,14,5353.941381,97
01/07/2025,31,2025-07-28,1037606,Brand A,Mumbai,Andheri East,72,22390.49652,320
01/07/2025,31,2025-07-29,70556,Brand D,Mumbai,Bandra West,1,714.4000122,13
01/07/2025,31,2025-07-29,76512,Brand D,Mumbai,Marol Sakinaka,1,653.4000122,24
01/07/2025,31,2025-07-29,184604,Brand G,Mumbai,Malad Kan East,41,15128.33791,269
01/07/2025,31,2025-07-29,656170,Brand D,Mumbai,Chembur,5,2401.90002,28
01/07/2025,31,2025-07-29,668983,Brand D,Mumbai,Andheri West,1,347.45,7
01/07/2025,31,2025-07-29,688993,Brand E,Mumbai,Marol Sakinaka,4,11106.90173,77
01/07/2025,31,2025-07-29,828997,Brand D,Mumbai,Thane,3,901.85,9
01/07/2025,31,2025-07-29,880733,Brand C,Mumbai,Vashi,5,4139.350352,53
01/07/2025,31,2025-07-29,974354,Brand B,Mumbai,Mulund,19,6159.446392,137
01/07/2025,31,2025-07-29,974356,Brand B,Mumbai,Powai,15,4954.615651,85
01/07/2025,31,2025-07-29,1037606,Brand A,Mumbai,Andheri East,71,30620.74013,317
01/07/2025,31,2025-07-30,76508,Brand D,Mumbai,Lower Parel Worli,1,358.2,17
01/07/2025,31,2025-07-30,76512,Brand D,Mumbai,Marol Sakinaka,2,573.4,13
01/07/2025,31,2025-07-30,83864,Brand D,Mumbai,Borivali,1,347.45,18
01/07/2025,31,2025-07-30,184604,Brand G,Mumbai,Malad Kan East,55,21190.90919,255
01/07/2025,31,2025-07-30,656170,Brand D,Mumbai,Chembur,1,684.4000122,17
01/07/2025,31,2025-07-30,668983,Brand D,Mumbai,Andheri West,1,1112.134373,8
01/07/2025,31,2025-07-30,783761,Brand D,Mumbai,CBD Belapur,1,1026.880029,12
01/07/2025,31,2025-07-30,880733,Brand C,Mumbai,Vashi,10,3870.575358,69
01/07/2025,31,2025-07-30,974354,Brand B,Mumbai,Mulund,23,8371.66913,141
01/07/2025,31,2025-07-30,974356,Brand B,Mumbai,Powai,30,10033.36693,121
01/07/2025,31,2025-07-30,1037606,Brand A,Mumbai,Andheri East,73,31366.4889,323
01/07/2025,31,2025-07-30,1073491,Brand D,Mumbai,Mulund,1,912.0499756,4
01/07/2025,31,2025-07-31,70556,Brand D,Mumbai,Bandra West,1,347.45,14
01/07/2025,31,2025-07-31,76508,Brand D,Mumbai,Lower Parel Worli,1,709.9000122,18
01/07/2025,31,2025-07-31,76512,Brand D,Mumbai,Marol Sakinaka,3,2672.299982,20
01/07/2025,31,2025-07-31,83864,Brand D,Mumbai,Borivali,2,720.0000061,17
01/07/2025,31,2025-07-31,184604,Brand G,Mumbai,Malad Kan East,54,24556.5774,326
01/07/2025,31,2025-07-31,656170,Brand D,Mumbai,Chembur,3,1108.35,22
01/07/2025,31,2025-07-31,668983,Brand D,Mumbai,Andheri West,2,694.9,9
01/07/2025,31,2025-07-31,688993,Brand E,Mumbai,Marol Sakinaka,6,9152.850146,97
01/07/2025,31,2025-07-31,828997,Brand D,Mumbai,Thane,4,2594.973987,11
01/07/2025,31,2025-07-31,880733,Brand C,Mumbai,Vashi,9,5453.850723,82
01/07/2025,31,2025-07-31,974354,Brand B,Mumbai,Mulund,36,11767.18874,192
01/07/2025,31,2025-07-31,974356,Brand B,Mumbai,Powai,25,9979.085334,121
01/07/2025,31,2025-07-31,1037606,Brand A,Mumbai,Andheri East,81,33740.18178,340
01/07/2025,31,2025-07-31,1074224,Brand D,Mumbai,Matunga Wadala,3,1778.250024,3
01/08/2025,31,2025-08-01,70556,Brand D,Mumbai,Bandra West,3,1076.310007,27
01/08/2025,31,2025-08-01,76508,Brand D,Mumbai,Lower Parel Worli,1,,12
01/08/2025,31,2025-08-01,76509,Brand D,Mumbai,Malad Kan West,2,1067.850012,14
01/08/2025,31,2025-08-01,76512,Brand D,Mumbai,Marol Sakinaka,2,673.9,29
01/08/2025,31,2025-08-01,83864,Brand D,Mumbai,Borivali,1,381.4100067,22
01/08/2025,31,2025-08-01,184604,Brand G,Mumbai,Malad Kan East,43,16928.43657,241
01/08/2025,31,2025-08-01,656170,Brand D,Mumbai,Chembur,3,1186.230005,33
01/08/2025,31,2025-08-01,668983,Brand D,Mumbai,Andheri West,2,1360.123975,8
01/08/2025,31,2025-08-01,688993,Brand E,Mumbai,Marol Sakinaka,3,2849.350254,63
01/08/2025,31,2025-08-01,783761,Brand D,Mumbai,CBD Belapur,2,804.8199829,14
01/08/2025,31,2025-08-01,828997,Brand D,Mumbai,Thane,1,809.3604102,9
01/08/2025,31,2025-08-01,880733,Brand C,Mumbai,Vashi,9,3791.725318,48
01/08/2025,31,2025-08-01,974354,Brand B,Mumbai,Mulund,31,10409.80817,181
01/08/2025,31,2025-08-01,974356,Brand B,Mumbai,Powai,34,13577.46916,146
01/08/2025,31,2025-08-01,1037606,Brand A,Mumbai,Andheri East,69,25968.77158,293
01/08/2025,31,2025-08-02,70556,Brand D,Mumbai,Bandra West,3,3060.510034,24
01/08/2025,31,2025-08-02,76508,Brand D,Mumbai,Lower Parel Worli,1,423.4100067,15
01/08/2025,31,2025-08-02,76509,Brand D,Mumbai,Malad Kan West,3,1463.76041,7
01/08/2025,31,2025-08-02,76512,Brand D,Mumbai,Marol Sakinaka,2,673.9,25
01/08/2025,31,2025-08-02,184604,Brand G,Mumbai,Malad Kan East,83,30328.32368,360
01/08/2025,31,2025-08-02,656170,Brand D,Mumbai,Chembur,8,4238.614014,35
01/08/2025,31,2025-08-02,688993,Brand E,Mumbai,Marol Sakinaka,4,2188.199994,75
01/08/2025,31,2025-08-02,783761,Brand D,Mumbai,CBD Belapur,2,762.8200134,21
01/08/2025,31,2025-08-02,828997,Brand D,Mumbai,Thane,2,1652.750037,8
01/08/2025,31,2025-08-02,880733,Brand C,Mumbai,Vashi,8,6221.450306,62
01/08/2025,31,2025-08-02,974354,Brand B,Mumbai,Mulund,28,10873.14318,185
01/08/2025,31,2025-08-02,974356,Brand B,Mumbai,Powai,34,12406.42651,169
01/08/2025,31,2025-08-02,1037606,Brand A,Mumbai,Andheri East,80,32388.10434,322
01/08/2025,31,2025-08-03,76508,Brand D,Mumbai,Lower Parel Worli,2,783.8199768,12
01/08/2025,31,2025-08-03,76512,Brand D,Mumbai,Marol Sakinaka,2,707.8600067,23
01/08/2025,31,2025-08-03,83864,Brand D,Mumbai,Borivali,5,3057.430836,31
01/08/2025,31,2025-08-03,184604,Brand G,Mumbai,Malad Kan East,74,31395.31475,398
01/08/2025,31,2025-08-03,656170,Brand D,Mumbai,Chembur,1,362.45,25
01/08/2025,31,2025-08-03,668983,Brand D,Mumbai,Andheri West,2,1099.350012,7
01/08/2025,31,2025-08-03,688993,Brand E,Mumbai,Marol Sakinaka,6,8762.601091,104
01/08/2025,31,2025-08-03,783761,Brand D,Mumbai,CBD Belapur,3,1529.260013,7
01/08/2025,31,2025-08-03,828997,Brand D,Mumbai,Thane,2,692.9,10
01/08/2025,31,2025-08-03,880733,Brand C,Mumbai,Vashi,12,5815.625257,56
01/08/2025,31,2025-08-03,974354,Brand B,Mumbai,Mulund,37,12933.83604,192
01/08/2025,31,2025-08-03,974356,Brand B,Mumbai,Powai,33,11752.14435,191
01/08/2025,31,2025-08-03,1037606,Brand A,Mumbai,Andheri East,77,32711.5681,410
01/08/2025,32,2025-08-04,70556,Brand D,Mumbai,Bandra West,1,695.2,20
01/08/2025,32,2025-08-04,76508,Brand D,Mumbai,Lower Parel Worli,2,1323.759985,13
01/08/2025,32,2025-08-04,76512,Brand D,Mumbai,Marol Sakinaka,3,1120.769998,27
01/08/2025,32,2025-08-04,83864,Brand D,Mumbai,Borivali,2,909.971991,19
01/08/2025,32,2025-08-04,184604,Brand G,Mumbai,Malad Kan East,56,22820.15761,296
01/08/2025,32,2025-08-04,656170,Brand D,Mumbai,Chembur,7,3041.090018,19
01/08/2025,32,2025-08-04,688993,Brand E,Mumbai,Marol Sakinaka,3,4014.850715,45
01/08/2025,32,2025-08-04,783761,Brand D,Mumbai,CBD Belapur,2,1244.770402,8
01/08/2025,32,2025-08-04,880733,Brand C,Mumbai,Vashi,3,1090.249994,41
01/08/2025,32,2025-08-04,974354,Brand B,Mumbai,Mulund,26,9216.841681,138
01/08/2025,32,2025-08-04,974356,Brand B,Mumbai,Powai,25,8928.735204,143
01/08/2025,32,2025-08-04,1037606,Brand A,Mumbai,Andheri East,77,31189.535,319
01/08/2025,32,2025-08-05,70556,Brand D,Mumbai,Bandra West,3,1828.510011,13
01/08/2025,32,2025-08-05,76512,Brand D,Mumbai,Marol Sakinaka,2,673.9000073,21
01/08/2025,32,2025-08-05,83864,Brand D,Mumbai,Borivali,2,1031.85002,25
01/08/2025,32,2025-08-05,184604,Brand G,Mumbai,Malad Kan East,51,20987.51255,250
01/08/2025,32,2025-08-05,656170,Brand D,Mumbai,Chembur,3,1272.820009,15
01/08/2025,32,2025-08-05,688993,Brand E,Mumbai,Marol Sakinaka,3,2984.10033,63
01/08/2025,32,2025-08-05,828997,Brand D,Mumbai,Thane,2,1094.849966,7
01/08/2025,32,2025-08-05,880733,Brand C,Mumbai,Vashi,5,1987.836349,46
01/08/2025,32,2025-08-05,974354,Brand B,Mumbai,Mulund,14,4669.518877,117
01/08/2025,32,2025-08-05,974356,Brand B,Mumbai,Powai,17,6108.806324,127
01/08/2025,32,2025-08-05,1037606,Brand A,Mumbai,Andheri East,84,28944.83043,315
01/08/2025,32,2025-08-06,70556,Brand D,Mumbai,Bandra West,2,648.9600122,11
01/08/2025,32,2025-08-06,76512,Brand D,Mumbai,Marol Sakinaka,1,362.0499981,16
01/08/2025,32,2025-08-06,83864,Brand D,Mumbai,Borivali,2,735.3999841,21
01/08/2025,32,2025-08-06,184604,Brand G,Mumbai,Malad Kan East,46,16043.28082,267
01/08/2025,32,2025-08-06,656170,Brand D,Mumbai,Chembur,1,246.9500073,11
01/08/2025,32,2025-08-06,668983,Brand D,Mumbai,Andheri West,1,383.0499981,8
01/08/2025,32,2025-08-06,688993,Brand E,Mumbai,Marol Sakinaka,1,699.2999981,41
01/08/2025,32,2025-08-06,783761,Brand D,Mumbai,CBD Belapur,1,423.410014,17
01/08/2025,32,2025-08-06,828997,Brand D,Mumbai,Thane,3,1134.810013,14
01/08/2025,32,2025-08-06,880733,Brand C,Mumbai,Vashi,4,2905.751116,44
01/08/2025,32,2025-08-06,974354,Brand B,Mumbai,Mulund,20,6657.365338,144
01/08/2025,32,2025-08-06,974356,Brand B,Mumbai,Powai,27,10496.21931,145
01/08/2025,32,2025-08-06,1037606,Brand A,Mumbai,Andheri East,61,21779.15759,307
01/08/2025,32,2025-08-06,1074224,Brand D,Mumbai,Matunga Wadala,1,717.1153766,11
01/08/2025,32,2025-08-07,70556,Brand D,Mumbai,Bandra West,4,1766.090414,14
01/08/2025,32,2025-08-07,76508,Brand D,Mumbai,Lower Parel Worli,2,659.8600061,12
01/08/2025,32,2025-08-07,76512,Brand D,Mumbai,Marol Sakinaka,2,754.3600061,26
01/08/2025,32,2025-08-07,83864,Brand D,Mumbai,Borivali,2,1139.770386,24
01/08/2025,32,2025-08-07,184604,Brand G,Mumbai,Malad Kan East,48,17944.35132,266
01/08/2025,32,2025-08-07,656170,Brand D,Mumbai,Chembur,5,2265.040375,22
01/08/2025,32,2025-08-07,668983,Brand D,Mumbai,Andheri West,1,404.449992,4
01/08/2025,32,2025-08-07,688993,Brand E,Mumbai,Marol Sakinaka,3,3964.799897,42
01/08/2025,32,2025-08-07,783761,Brand D,Mumbai,CBD Belapur,2,1171.270386,8
01/08/2025,32,2025-08-07,828997,Brand D,Mumbai,Thane,1,361.449992,9
01/08/2025,32,2025-08-07,880733,Brand C,Mumbai,Vashi,10,6137.925991,60
01/08/2025,32,2025-08-07,974354,Brand B,Mumbai,Mulund,17,5334.775087,136
01/08/2025,32,2025-08-07,974356,Brand B,Mumbai,Powai,31,9481.929479,156
01/08/2025,32,2025-08-07,1037606,Brand A,Mumbai,Andheri East,69,29337.15208,352
01/08/2025,32,2025-08-07,1074224,Brand D,Mumbai,Matunga Wadala,3,1547.015369,11
01/08/2025,32,2025-08-08,70556,Brand D,Mumbai,Bandra West,1,362.0499981,20
01/08/2025,32,2025-08-08,76508,Brand D,Mumbai,Lower Parel Worli,1,785.3999737,10
01/08/2025,32,2025-08-08,76512,Brand D,Mumbai,Marol Sakinaka,2,752.3199975,30
01/08/2025,32,2025-08-08,184604,Brand G,Mumbai,Malad Kan East,44,18870.80953,327
01/08/2025,32,2025-08-08,656170,Brand D,Mumbai,Chembur,7,2957.240017,44
01/08/2025,32,2025-08-08,668983,Brand D,Mumbai,Andheri West,2,1001.310379,7
01/08/2025,32,2025-08-08,688993,Brand E,Mumbai,Marol Sakinaka,4,5403.299907,78
01/08/2025,32,2025-08-08,783761,Brand D,Mumbai,CBD Belapur,1,381.4099988,9
01/08/2025,32,2025-08-08,828997,Brand D,Mumbai,Thane,2,743.8999841,15
01/08/2025,32,2025-08-08,880733,Brand C,Mumbai,Vashi,4,2221.350309,51
01/08/2025,32,2025-08-08,974354,Brand B,Mumbai,Mulund,28,10429.41405,159
01/08/2025,32,2025-08-08,974356,Brand B,Mumbai,Powai,25,11768.91801,132
01/08/2025,32,2025-08-08,1037606,Brand A,Mumbai,Andheri East,84,34078.53914,315
01/08/2025,32,2025-08-08,1053297,Brand D,Mumbai,Powai,1,337.4500073,3
01/08/2025,32,2025-08-08,1074224,Brand D,Mumbai,Matunga Wadala,1,1068.379991,12
01/08/2025,32,2025-08-09,70556,Brand D,Mumbai,Bandra West,3,1757.792023,16
01/08/2025,32,2025-08-09,83864,Brand D,Mumbai,Borivali,4,3571.720327,36
01/08/2025,32,2025-08-09,184604,Brand G,Mumbai,Malad Kan East,96,44958.95832,620
01/08/2025,32,2025-08-09,656170,Brand D,Mumbai,Chembur,5,3000.669991,40
01/08/2025,32,2025-08-09,668983,Brand D,Mumbai,Andheri West,1,383.0499981,12
01/08/2025,32,2025-08-09,688993,Brand E,Mumbai,Marol Sakinaka,6,6880.649903,87
01/08/2025,32,2025-08-09,828997,Brand D,Mumbai,Thane,3,2417.210429,13
01/08/2025,32,2025-08-09,880733,Brand C,Mumbai,Vashi,10,6302.661758,67
01/08/2025,32,2025-08-09,974354,Brand B,Mumbai,Mulund,30,10488.6079,151
01/08/2025,32,2025-08-09,974356,Brand B,Mumbai,Powai,31,11876.47999,181
01/08/2025,32,2025-08-09,1037606,Brand A,Mumbai,Andheri East,99,43884.92311,473
01/08/2025,32,2025-08-09,1074224,Brand D,Mumbai,Matunga Wadala,2,1743.76532,11
01/08/2025,32,2025-08-10,70556,Brand D,Mumbai,Bandra West,1,402.410014,12
01/08/2025,32,2025-08-10,76508,Brand D,Mumbai,Lower Parel Worli,2,381.4099988,16
01/08/2025,32,2025-08-10,76509,Brand D,Mumbai,Malad Kan West,3,1546.260364,8
01/08/2025,32,2025-08-10,83864,Brand D,Mumbai,Borivali,4,1735.330019,37
01/08/2025,32,2025-08-10,184604,Brand G,Mumbai,Malad Kan East,69,25126.36933,312
01/08/2025,32,2025-08-10,656170,Brand D,Mumbai,Chembur,4,1715.790019,34
01/08/2025,32,2025-08-10,688993,Brand E,Mumbai,Marol Sakinaka,1,1445.50001,73
01/08/2025,32,2025-08-10,783761,Brand D,Mumbai,CBD Belapur,2,1045.270416,24
01/08/2025,32,2025-08-10,828997,Brand D,Mumbai,Thane,2,1183.610006,11
01/08/2025,32,2025-08-10,880733,Brand C,Mumbai,Vashi,8,4181.190761,54
01/08/2025,32,2025-08-10,974354,Brand B,Mumbai,Mulund,25,9024.862926,138
01/08/2025,32,2025-08-10,974356,Brand B,Mumbai,Powai,30,10814.52786,169
01/08/2025,32,2025-08-10,1037606,Brand A,Mumbai,Andheri East,109,46523.41049,390
01/08/2025,33,2025-08-11,70556,Brand D,Mumbai,Bandra West,1,1067.849986,11
01/08/2025,33,2025-08-11,76508,Brand D,Mumbai,Lower Parel Worli,1,1080.649974,11
01/08/2025,33,2025-08-11,76509,Brand D,Mumbai,Malad Kan West,2,848.8999841,8
01/08/2025,33,2025-08-11,76512,Brand D,Mumbai,Marol Sakinaka,1,372.949992,19
01/08/2025,33,2025-08-11,83864,Brand D,Mumbai,Borivali,3,1440.799988,18
01/08/2025,33,2025-08-11,184604,Brand G,Mumbai,Malad Kan East,26,9007.550416,212
01/08/2025,33,2025-08-11,656170,Brand D,Mumbai,Chembur,5,3019.65,23
01/08/2025,33,2025-08-11,688993,Brand E,Mumbai,Marol Sakinaka,1,720.2999981,31
01/08/2025,33,2025-08-11,783761,Brand D,Mumbai,CBD Belapur,1,246.9500073,9
01/08/2025,33,2025-08-11,828997,Brand D,Mumbai,Thane,1,403.449992,8
01/08/2025,33,2025-08-11,880733,Brand C,Mumbai,Vashi,6,2759.400325,40
01/08/2025,33,2025-08-11,974354,Brand B,Mumbai,Mulund,16,5487.818919,114
01/08/2025,33,2025-08-11,974356,Brand B,Mumbai,Powai,21,8132.883253,123
01/08/2025,33,2025-08-11,1037606,Brand A,Mumbai,Andheri East,76,26040.90244,296
01/08/2025,33,2025-08-12,70556,Brand D,Mumbai,Bandra West,1,246.5500073,16
01/08/2025,33,2025-08-12,76508,Brand D,Mumbai,Lower Parel Worli,1,780.1503497,16
01/08/2025,33,2025-08-12,76512,Brand D,Mumbai,Marol Sakinaka,2,1067.450002,18
01/08/2025,33,2025-08-12,184604,Brand G,Mumbai,Malad Kan East,37,15040.30496,209
01/08/2025,33,2025-08-12,656170,Brand D,Mumbai,Chembur,2,722.8999993,18
01/08/2025,33,2025-08-12,688993,Brand E,Mumbai,Marol Sakinaka,2,8559.60151,73
01/08/2025,33,2025-08-12,828997,Brand D,Mumbai,Thane,1,589.9004107,9
01/08/2025,33,2025-08-12,880733,Brand C,Mumbai,Vashi,13,5908.225306,53
01/08/2025,33,2025-08-12,974354,Brand B,Mumbai,Mulund,20,7112.23394,123
01/08/2025,33,2025-08-12,974356,Brand B,Mumbai,Powai,23,7740.97998,123
01/08/2025,33,2025-08-12,1037606,Brand A,Mumbai,Andheri East,59,19070.03437,300
01/08/2025,33,2025-08-12,1053297,Brand D,Mumbai,Powai,1,,1
01/08/2025,33,2025-08-13,70556,Brand D,Mumbai,Bandra West,1,366.449992,8
01/08/2025,33,2025-08-13,76508,Brand D,Mumbai,Lower Parel Worli,2,1154.350403,26
01/08/2025,33,2025-08-13,76509,Brand D,Mumbai,Malad Kan West,2,932.3500067,10
01/08/2025,33,2025-08-13,76512,Brand D,Mumbai,Marol Sakinaka,2,1032.750005,18
01/08/2025,33,2025-08-13,83864,Brand D,Mumbai,Borivali,1,383.0499981,25
01/08/2025,33,2025-08-13,184604,Brand G,Mumbai,Malad Kan East,47,18402.30493,215
01/08/2025,33,2025-08-13,656170,Brand D,Mumbai,Chembur,6,3587.85395,25
01/08/2025,33,2025-08-13,668983,Brand D,Mumbai,Andheri West,1,1075.40035,12
01/08/2025,33,2025-08-13,688993,Brand E,Mumbai,Marol Sakinaka,3,3347.749909,71
01/08/2025,33,2025-08-13,783761,Brand D,Mumbai,CBD Belapur,2,1037.600357,16
01/08/2025,33,2025-08-13,880733,Brand C,Mumbai,Vashi,4,2964.675629,77
01/08/2025,33,2025-08-13,974354,Brand B,Mumbai,Mulund,21,7943.433956,115
01/08/2025,33,2025-08-13,974356,Brand B,Mumbai,Powai,20,8796.323783,122
01/08/2025,33,2025-08-13,1037606,Brand A,Mumbai,Andheri East,82,30461.02404,340
01/08/2025,33,2025-08-13,1074224,Brand D,Mumbai,Matunga Wadala,1,731.199992,2
01/08/2025,33,2025-08-14,70556,Brand D,Mumbai,Bandra West,4,2998.97397,18
01/08/2025,33,2025-08-14,76508,Brand D,Mumbai,Lower Parel Worli,1,727.6503497,11
01/08/2025,33,2025-08-14,76512,Brand D,Mumbai,Marol Sakinaka,4,3448.784735,25
01/08/2025,33,2025-08-14,184604,Brand G,Mumbai,Malad Kan East,51,19927.29167,238
01/08/2025,33,2025-08-14,656170,Brand D,Mumbai,Chembur,6,3836.653907,36
01/08/2025,33,2025-08-14,688993,Brand E,Mumbai,Marol Sakinaka,1,763.0000104,60
01/08/2025,33,2025-08-14,783761,Brand D,Mumbai,CBD Belapur,2,1184.600342,19
01/08/2025,33,2025-08-14,880733,Brand C,Mumbai,Vashi,6,2318.795352,63
01/08/2025,33,2025-08-14,974354,Brand B,Mumbai,Mulund,25,7980.001841,151
01/08/2025,33,2025-08-14,974356,Brand B,Mumbai,Powai,27,9872.238929,135
01/08/2025,33,2025-08-14,1037606,Brand A,Mumbai,Andheri East,84,32766.2079,373
01/08/2025,33,2025-08-14,1073491,Brand D,Mumbai,Mulund,1,1379.399974,4
01/08/2025,33,2025-08-15,70556,Brand D,Mumbai,Bandra West,4,2579.999974,14
01/08/2025,33,2025-08-15,76508,Brand D,Mumbai,Lower Parel Worli,1,347.9499929,16
01/08/2025,33,2025-08-15,76509,Brand D,Mumbai,Malad Kan West,1,752.4000042,10
01/08/2025,33,2025-08-15,184604,Brand G,Mumbai,Malad Kan East,62,25014.30641,287
01/08/2025,33,2025-08-15,656170,Brand D,Mumbai,Chembur,2,609.4199884,26
01/08/2025,33,2025-08-15,688993,Brand E,Mumbai,Marol Sakinaka,6,8732.501446,78
01/08/2025,33,2025-08-15,783761,Brand D,Mumbai,CBD Belapur,1,685.449992,20
01/08/2025,33,2025-08-15,828997,Brand D,Mumbai,Thane,1,245.9500073,9
01/08/2025,33,2025-08-15,880733,Brand C,Mumbai,Vashi,8,6654.232444,56
01/08/2025,33,2025-08-15,974354,Brand B,Mumbai,Mulund,36,13994.98599,210
01/08/2025,33,2025-08-15,974356,Brand B,Mumbai,Powai,21,9009.052107,133
01/08/2025,33,2025-08-15,1037606,Brand A,Mumbai,Andheri East,72,26059.42711,311
01/08/2025,33,2025-08-15,1053297,Brand D,Mumbai,Powai,1,240.449992,2
01/08/2025,33,2025-08-16,70556,Brand D,Mumbai,Bandra West,1,563.0220135,20
01/08/2025,33,2025-08-16,76508,Brand D,Mumbai,Lower Parel Worli,2,1443.599996,28
01/08/2025,33,2025-08-16,83864,Brand D,Mumbai,Borivali,1,697.9000122,36
01/08/2025,33,2025-08-16,184604,Brand G,Mumbai,Malad Kan East,58,26597.46463,460
01/08/2025,33,2025-08-16,656170,Brand D,Mumbai,Chembur,6,3916.350459,42
01/08/2025,33,2025-08-16,688993,Brand E,Mumbai,Marol Sakinaka,5,3107.30004,88
01/08/2025,33,2025-08-16,783761,Brand D,Mumbai,CBD Belapur,1,391.949992,10
01/08/2025,33,2025-08-16,828997,Brand D,Mumbai,Thane,1,694.199992,13
01/08/2025,33,2025-08-16,880733,Brand C,Mumbai,Vashi,5,3841.901742,83
01/08/2025,33,2025-08-16,974354,Brand B,Mumbai,Mulund,25,8757.504169,153
01/08/2025,33,2025-08-16,974356,Brand B,Mumbai,Powai,25,10090.56225,168
01/08/2025,33,2025-08-16,1037606,Brand A,Mumbai,Andheri East,73,25205.15449,384
01/08/2025,33,2025-08-16,1074224,Brand D,Mumbai,Matunga Wadala,3,1440.349976,15
01/08/2025,33,2025-08-17,70556,Brand D,Mumbai,Bandra West,2,1458.199972,26
01/08/2025,33,2025-08-17,76508,Brand D,Mumbai,Lower Parel Worli,2,1431.900015,32
01/08/2025,33,2025-08-17,76509,Brand D,Mumbai,Malad Kan West,3,1129.349991,12
01/08/2025,33,2025-08-17,83864,Brand D,Mumbai,Borivali,2,798.399978,26
01/08/2025,33,2025-08-17,184604,Brand G,Mumbai,Malad Kan East,56,25822.91994,343
01/08/2025,33,2025-08-17,656170,Brand D,Mumbai,Chembur,5,3133.100306,26
01/08/2025,33,2025-08-17,688993,Brand E,Mumbai,Marol Sakinaka,2,1833.300008,95
01/08/2025,33,2025-08-17,783761,Brand D,Mumbai,CBD Belapur,1,759.1503497,16
01/08/2025,33,2025-08-17,828997,Brand D,Mumbai,Thane,1,413.949992,14
01/08/2025,33,2025-08-17,880733,Brand C,Mumbai,Vashi,4,2441.200308,67
01/08/2025,33,2025-08-17,974354,Brand B,Mumbai,Mulund,29,11099.4797,147
01/08/2025,33,2025-08-17,974356,Brand B,Mumbai,Powai,23,8727.528513,143
01/08/2025,33,2025-08-17,1037606,Brand A,Mumbai,Andheri East,91,36257.05351,411
01/08/2025,33,2025-08-17,1074224,Brand D,Mumbai,Matunga Wadala,1,706.6503497,9
01/08/2025,34,2025-08-18,70556,Brand D,Mumbai,Bandra West,2,806.8999841,23
01/08/2025,34,2025-08-18,76512,Brand D,Mumbai,Marol Sakinaka,2,2003.299978,21
01/08/2025,34,2025-08-18,184604,Brand G,Mumbai,Malad Kan East,31,14945.04491,244
01/08/2025,34,2025-08-18,656170,Brand D,Mumbai,Chembur,4,2286.250326,34
01/08/2025,34,2025-08-18,688993,Brand E,Mumbai,Marol Sakinaka,2,1665.300384,51
01/08/2025,34,2025-08-18,880733,Brand C,Mumbai,Vashi,3,1739.875315,54
01/08/2025,34,2025-08-18,974354,Brand B,Mumbai,Mulund,26,9654.866559,179
01/08/2025,34,2025-08-18,974356,Brand B,Mumbai,Powai,19,5174.802445,131
01/08/2025,34,2025-08-18,1037606,Brand A,Mumbai,Andheri East,52,19081.79917,374
01/08/2025,34,2025-08-19,70556,Brand D,Mumbai,Bandra West,5,2541.149985,58
01/08/2025,34,2025-08-19,76508,Brand D,Mumbai,Lower Parel Worli,2,797.3999841,34
01/08/2025,34,2025-08-19,76509,Brand D,Mumbai,Malad Kan West,1,347.9500073,13
01/08/2025,34,2025-08-19,76512,Brand D,Mumbai,Marol Sakinaka,2,674.9000146,36
01/08/2025,34,2025-08-19,83864,Brand D,Mumbai,Borivali,1,347.9500073,52
01/08/2025,34,2025-08-19,184604,Brand G,Mumbai,Malad Kan East,55,25343.36202,408
01/08/2025,34,2025-08-19,656170,Brand D,Mumbai,Chembur,8,3897.699996,65
01/08/2025,34,2025-08-19,668983,Brand D,Mumbai,Andheri West,1,688.699992,12
01/08/2025,34,2025-08-19,688993,Brand E,Mumbai,Marol Sakinaka,1,2267.999888,82
01/08/2025,34,2025-08-19,828997,Brand D,Mumbai,Thane,1,357.2500031,9
01/08/2025,34,2025-08-19,880733,Brand C,Mumbai,Vashi,8,4481.151057,111
01/08/2025,34,2025-08-19,974354,Brand B,Mumbai,Mulund,18,6577.501767,195
01/08/2025,34,2025-08-19,974356,Brand B,Mumbai,Powai,26,9081.454275,247
01/08/2025,34,2025-08-19,1037606,Brand A,Mumbai,Andheri East,68,26825.90688,431
01/08/2025,34,2025-08-20,70556,Brand D,Mumbai,Bandra West,1,358.2499951,20
01/08/2025,34,2025-08-20,76508,Brand D,Mumbai,Lower Parel Worli,4,2395.249965,20
01/08/2025,34,2025-08-20,76512,Brand D,Mumbai,Marol Sakinaka,1,414.5499981,31
01/08/2025,34,2025-08-20,83864,Brand D,Mumbai,Borivali,2,1106.900345,34
01/08/2025,34,2025-08-20,184604,Brand G,Mumbai,Malad Kan East,43,17129.09967,249
01/08/2025,34,2025-08-20,656170,Brand D,Mumbai,Chembur,5,2497.749975,39
01/08/2025,34,2025-08-20,668983,Brand D,Mumbai,Andheri West,1,584.4000042,15
01/08/2025,34,2025-08-20,688993,Brand E,Mumbai,Marol Sakinaka,3,2875.600698,61
01/08/2025,34,2025-08-20,828997,Brand D,Mumbai,Thane,1,959.6504107,20
01/08/2025,34,2025-08-20,880733,Brand C,Mumbai,Vashi,9,5240.401845,87
01/08/2025,34,2025-08-20,974354,Brand B,Mumbai,Mulund,35,11390.72177,195
01/08/2025,34,2025-08-20,974356,Brand B,Mumbai,Powai,30,10229.90896,180
01/08/2025,34,2025-08-20,1037606,Brand A,Mumbai,Andheri East,73,24328.87321,316
01/08/2025,34,2025-08-20,1074224,Brand D,Mumbai,Matunga Wadala,2,710.1999951,10
01/08/2025,34,2025-08-21,70556,Brand D,Mumbai,Bandra West,1,229.9500073,14
01/08/2025,34,2025-08-21,76512,Brand D,Mumbai,Marol Sakinaka,4,2133.300014,35
01/08/2025,34,2025-08-21,83864,Brand D,Mumbai,Borivali,4,2736.299976,29
01/08/2025,34,2025-08-21,184604,Brand G,Mumbai,Malad Kan East,37,13073.16206,214
01/08/2025,34,2025-08-21,656170,Brand D,Mumbai,Chembur,3,883.8500219,26
01/08/2025,34,2025-08-21,688993,Brand E,Mumbai,Marol Sakinaka,4,3452.400005,79
01/08/2025,34,2025-08-21,783761,Brand D,Mumbai,CBD Belapur,2,584.1949975,13
01/08/2025,34,2025-08-21,880733,Brand C,Mumbai,Vashi,4,2365.900335,88
01/08/2025,34,2025-08-21,974354,Brand B,Mumbai,Mulund,28,10396.3746,166
01/08/2025,34,2025-08-21,974356,Brand B,Mumbai,Powai,23,7214.722163,122
01/08/2025,34,2025-08-21,1037606,Brand A,Mumbai,Andheri East,82,31565.30127,304
01/08/2025,34,2025-08-21,1074224,Brand D,Mumbai,Matunga Wadala,2,1100.600342,6
01/08/2025,34,2025-08-22,76508,Brand D,Mumbai,Lower Parel Worli,2,1766.034976,21
01/08/2025,34,2025-08-22,76509,Brand D,Mumbai,Malad Kan West,2,773.399992,8
01/08/2025,34,2025-08-22,76512,Brand D,Mumbai,Marol Sakinaka,1,750.1100079,30
01/08/2025,34,2025-08-22,184604,Brand G,Mumbai,Malad Kan East,30,13518.88057,198
01/08/2025,34,2025-08-22,656170,Brand D,Mumbai,Chembur,3,2123.701016,37
01/08/2025,34,2025-08-22,668983,Brand D,Mumbai,Andheri West,1,383.449992,21
01/08/2025,34,2025-08-22,688993,Brand E,Mumbai,Marol Sakinaka,5,9638.650574,101
01/08/2025,34,2025-08-22,783761,Brand D,Mumbai,CBD Belapur,2,651.4199884,17
01/08/2025,34,2025-08-22,828997,Brand D,Mumbai,Thane,1,719.199992,15
01/08/2025,34,2025-08-22,880733,Brand C,Mumbai,Vashi,7,3715.57606,60
01/08/2025,34,2025-08-22,974354,Brand B,Mumbai,Mulund,47,18816.02318,162
01/08/2025,34,2025-08-22,974356,Brand B,Mumbai,Powai,55,21294.99017,172
01/08/2025,34,2025-08-22,1037606,Brand A,Mumbai,Andheri East,65,26635.63242,301
01/08/2025,34,2025-08-23,70556,Brand D,Mumbai,Bandra West,2,818.9999902,13
01/08/2025,34,2025-08-23,76508,Brand D,Mumbai,Lower Parel Worli,4,7995.180762,27
01/08/2025,34,2025-08-23,76509,Brand D,Mumbai,Malad Kan West,1,760.6600037,15
01/08/2025,34,2025-08-23,83864,Brand D,Mumbai,Borivali,1,347.9500073,24
01/08/2025,34,2025-08-23,184604,Brand G,Mumbai,Malad Kan East,51,22373.59106,262
01/08/2025,34,2025-08-23,656170,Brand D,Mumbai,Chembur,6,3504.450804,40
01/08/2025,34,2025-08-23,668983,Brand D,Mumbai,Andheri West,2,1129.059969,13
01/08/2025,34,2025-08-23,688993,Brand E,Mumbai,Marol Sakinaka,3,7408.80009,147
01/08/2025,34,2025-08-23,783761,Brand D,Mumbai,CBD Belapur,5,3622.399939,15
01/08/2025,34,2025-08-23,880733,Brand C,Mumbai,Vashi,15,9482.027476,134
01/08/2025,34,2025-08-23,974354,Brand B,Mumbai,Mulund,28,9527.499223,182
01/08/2025,34,2025-08-23,974356,Brand B,Mumbai,Powai,41,13172.14096,225
01/08/2025,34,2025-08-23,1037606,Brand A,Mumbai,Andheri East,72,30135.85333,296
01/08/2025,34,2025-08-24,70556,Brand D,Mumbai,Bandra West,5,3365.680404,22
01/08/2025,34,2025-08-24,76508,Brand D,Mumbai,Lower Parel Worli,2,358.2499951,21
01/08/2025,34,2025-08-24,76512,Brand D,Mumbai,Marol Sakinaka,5,3113.265008,21
01/08/2025,34,2025-08-24,83864,Brand D,Mumbai,Borivali,2,1077.285021,31
01/08/2025,34,2025-08-24,184604,Brand G,Mumbai,Malad Kan East,69,35273.59739,327
01/08/2025,34,2025-08-24,656170,Brand D,Mumbai,Chembur,5,3481.71624,20
01/08/2025,34,2025-08-24,688993,Brand E,Mumbai,Marol Sakinaka,7,8060.501769,173
01/08/2025,34,2025-08-24,783761,Brand D,Mumbai,CBD Belapur,1,358.2250012,18
01/08/2025,34,2025-08-24,828997,Brand D,Mumbai,Thane,1,424.45,18
01/08/2025,34,2025-08-24,880733,Brand C,Mumbai,Vashi,12,9165.469635,158
01/08/2025,34,2025-08-24,974354,Brand B,Mumbai,Mulund,35,11498.94363,195
01/08/2025,34,2025-08-24,974356,Brand B,Mumbai,Powai,51,16130.86538,216
01/08/2025,34,2025-08-24,1037606,Brand A,Mumbai,Andheri East,83,30759.31259,307
01/08/2025,34,2025-08-24,1074224,Brand D,Mumbai,Matunga Wadala,2,1012.350012,11
01/08/2025,35,2025-08-25,70556,Brand D,Mumbai,Bandra West,2,5069.594918,18
01/08/2025,35,2025-08-25,76508,Brand D,Mumbai,Lower Parel Worli,1,347.9500073,7
01/08/2025,35,2025-08-25,76509,Brand D,Mumbai,Malad Kan West,1,1013.715025,6
01/08/2025,35,2025-08-25,76512,Brand D,Mumbai,Marol Sakinaka,2,785.8999841,18
01/08/2025,35,2025-08-25,83864,Brand D,Mumbai,Borivali,1,413.949992,13
01/08/2025,35,2025-08-25,184604,Brand G,Mumbai,Malad Kan East,40,18895.35466,237
01/08/2025,35,2025-08-25,656170,Brand D,Mumbai,Chembur,5,2452.119969,28
01/08/2025,35,2025-08-25,668983,Brand D,Mumbai,Andheri West,1,382.449992,10
01/08/2025,35,2025-08-25,688993,Brand E,Mumbai,Marol Sakinaka,3,4134.551086,80
01/08/2025,35,2025-08-25,880733,Brand C,Mumbai,Vashi,7,2828.700024,107
01/08/2025,35,2025-08-25,974354,Brand B,Mumbai,Mulund,31,11901.2551,147
01/08/2025,35,2025-08-25,974356,Brand B,Mumbai,Powai,52,20311.45939,180
01/08/2025,35,2025-08-25,1037606,Brand A,Mumbai,Andheri East,65,23555.49732,315
01/08/2025,35,2025-08-25,1073491,Brand D,Mumbai,Mulund,1,347.7500104,6
01/08/2025,35,2025-08-25,1074224,Brand D,Mumbai,Matunga Wadala,2,724.8999993,4
01/08/2025,35,2025-08-26,70556,Brand D,Mumbai,Bandra West,1,382.449992,20
01/08/2025,35,2025-08-26,76508,Brand D,Mumbai,Lower Parel Worli,1,766.8608209,16
01/08/2025,35,2025-08-26,76512,Brand D,Mumbai,Marol Sakinaka,5,2112.354992,31
01/08/2025,35,2025-08-26,184604,Brand G,Mumbai,Malad Kan East,52,19895.91062,305
01/08/2025,35,2025-08-26,656170,Brand D,Mumbai,Chembur,5,2736.605962,29
01/08/2025,35,2025-08-26,668983,Brand D,Mumbai,Andheri West,2,695.9000146,15
01/08/2025,35,2025-08-26,688993,Brand E,Mumbai,Marol Sakinaka,3,6076.876037,123
01/08/2025,35,2025-08-26,783761,Brand D,Mumbai,CBD Belapur,3,2113.975444,24
01/08/2025,35,2025-08-26,880733,Brand C,Mumbai,Vashi,2,1055.075724,43
01/08/2025,35,2025-08-26,974354,Brand B,Mumbai,Mulund,20,6514.673637,163
01/08/2025,35,2025-08-26,974356,Brand B,Mumbai,Powai,26,8886.427439,132
01/08/2025,35,2025-08-26,1037606,Brand A,Mumbai,Andheri East,102,34928.23122,316
01/08/2025,35,2025-08-27,70556,Brand D,Mumbai,Bandra West,3,2528.72087,20
01/08/2025,35,2025-08-27,76508,Brand D,Mumbai,Lower Parel Worli,1,739.760003,12
01/08/2025,35,2025-08-27,76509,Brand D,Mumbai,Malad Kan West,4,2177.069982,11
01/08/2025,35,2025-08-27,83864,Brand D,Mumbai,Borivali,1,225.9699963,12
01/08/2025,35,2025-08-27,184604,Brand G,Mumbai,Malad Kan East,72,34749.90648,364
01/08/2025,35,2025-08-27,656170,Brand D,Mumbai,Chembur,6,2640.810002,32
01/08/2025,35,2025-08-27,688993,Brand E,Mumbai,Marol Sakinaka,2,1371.300008,165
01/08/2025,35,2025-08-27,828997,Brand D,Mumbai,Thane,1,346.9500072,7
01/08/2025,35,2025-08-27,880733,Brand C,Mumbai,Vashi,4,1911.349957,33
01/08/2025,35,2025-08-27,974354,Brand B,Mumbai,Mulund,27,8522.854226,146
01/08/2025,35,2025-08-27,974356,Brand B,Mumbai,Powai,38,12431.06595,189
01/08/2025,35,2025-08-27,1037606,Brand A,Mumbai,Andheri East,77,33547.49569,332
01/08/2025,35,2025-08-27,1074224,Brand D,Mumbai,Matunga Wadala,1,393.949992,9
01/08/2025,35,2025-08-28,70556,Brand D,Mumbai,Bandra West,2,1482.635842,25
01/08/2025,35,2025-08-28,76508,Brand D,Mumbai,Lower Parel Worli,2,762.6999871,19
01/08/2025,35,2025-08-28,76509,Brand D,Mumbai,Malad Kan West,1,878.947971,9
01/08/2025,35,2025-08-28,83864,Brand D,Mumbai,Borivali,2,1613.344987,20
01/08/2025,35,2025-08-28,184604,Brand G,Mumbai,Malad Kan East,84,38314.35467,367
01/08/2025,35,2025-08-28,656170,Brand D,Mumbai,Chembur,3,1415.209991,23
01/08/2025,35,2025-08-28,688993,Brand E,Mumbai,Marol Sakinaka,5,3442.425026,162
01/08/2025,35,2025-08-28,783761,Brand D,Mumbai,CBD Belapur,1,362.4499937,17
01/08/2025,35,2025-08-28,880733,Brand C,Mumbai,Vashi,1,463.0499981,42
01/08/2025,35,2025-08-28,974354,Brand B,Mumbai,Mulund,16,5900.774683,109
01/08/2025,35,2025-08-28,974356,Brand B,Mumbai,Powai,18,7041.138838,111
01/08/2025,35,2025-08-28,1037606,Brand A,Mumbai,Andheri East,96,38222.39484,339
01/06/2025,22,2025-06-01,47247,Brand F,Mumbai,Andheri West,17,13441.68024,80
01/06/2025,23,2025-06-02,47247,Brand F,Mumbai,Andheri West,11,5837.889332,63
01/06/2025,23,2025-06-03,47247,Brand F,Mumbai,Andheri West,12,10453.96324,66
01/06/2025,23,2025-06-04,47247,Brand F,Mumbai,Andheri West,11,7303.628682,52
01/06/2025,23,2025-06-05,47247,Brand F,Mumbai,Andheri West,13,8223.039843,58
01/06/2025,23,2025-06-06,47247,Brand F,Mumbai,Andheri West,9,4609.500917,72
01/06/2025,23,2025-06-07,47247,Brand F,Mumbai,Andheri West,23,22928.08517,92
01/06/2025,23,2025-06-08,47247,Brand F,Mumbai,Andheri West,23,13599.99129,88
01/06/2025,24,2025-06-09,47247,Brand F,Mumbai,Andheri West,9,6092.312903,62
01/06/2025,24,2025-06-10,47247,Brand F,Mumbai,Andheri West,2,2345.963496,45
01/06/2025,24,2025-06-11,47247,Brand F,Mumbai,Andheri West,4,1546.200461,42
01/06/2025,24,2025-06-12,47247,Brand F,Mumbai,Andheri West,8,3495.999933,46
01/06/2025,24,2025-06-13,47247,Brand F,Mumbai,Andheri West,10,7026.688899,52
01/06/2025,24,2025-06-14,47247,Brand F,Mumbai,Andheri West,14,8540.190348,86
01/06/2025,24,2025-06-15,47247,Brand F,Mumbai,Andheri West,19,11852.70179,77
01/06/2025,25,2025-06-16,47247,Brand F,Mumbai,Andheri West,10,7822.652799,48
01/06/2025,25,2025-06-17,47247,Brand F,Mumbai,Andheri West,8,5122.312935,66
01/06/2025,25,2025-06-18,47247,Brand F,Mumbai,Andheri West,11,6574.926409,55
01/06/2025,25,2025-06-19,47247,Brand F,Mumbai,Andheri West,10,5462.800799,54
01/06/2025,25,2025-06-20,47247,Brand F,Mumbai,Andheri West,13,8917.477756,73
01/06/2025,25,2025-06-21,47247,Brand F,Mumbai,Andheri West,20,11993.57786,74
01/06/2025,25,2025-06-22,47247,Brand F,Mumbai,Andheri West,18,11550.63162,85
01/06/2025,26,2025-06-23,47247,Brand F,Mumbai,Andheri West,16,9191.514546,56
01/06/2025,26,2025-06-24,47247,Brand F,Mumbai,Andheri West,6,3207.112943,63
01/06/2025,26,2025-06-25,47247,Brand F,Mumbai,Andheri West,8,4070.201195,55
01/06/2025,26,2025-06-26,47247,Brand F,Mumbai,Andheri West,11,6551.275897,75
01/06/2025,26,2025-06-27,47247,Brand F,Mumbai,Andheri West,13,7736.513256,99
01/06/2025,26,2025-06-28,47247,Brand F,Mumbai,Andheri West,16,10615.80359,123
01/06/2025,26,2025-06-29,47247,Brand F,Mumbai,Andheri West,29,20325.88039,127
01/06/2025,27,2025-06-30,47247,Brand F,Mumbai,Andheri West,16,8327.214123,83
01/07/2025,27,2025-07-01,47247,Brand F,Mumbai,Andheri West,12,6422.714124,124
01/07/2025,27,2025-07-02,47247,Brand F,Mumbai,Andheri West,19,11892.30271,171
01/07/2025,27,2025-07-03,47247,Brand F,Mumbai,Andheri West,8,4059.75037,95
01/07/2025,27,2025-07-04,47247,Brand F,Mumbai,Andheri West,29,17098.93948,200
01/07/2025,27,2025-07-05,47247,Brand F,Mumbai,Andheri West,28,17741.77715,214
01/07/2025,27,2025-07-06,47247,Brand F,Mumbai,Andheri West,33,23219.31839,235
01/07/2025,28,2025-07-07,47247,Brand F,Mumbai,Andheri West,22,12132.44064,119
01/07/2025,28,2025-07-08,47247,Brand F,Mumbai,Andheri West,12,7385.389297,116
01/07/2025,28,2025-07-09,47247,Brand F,Mumbai,Andheri West,14,9890.838943,108
01/07/2025,28,2025-07-10,47247,Brand F,Mumbai,Andheri West,5,3374.926207,43
01/07/2025,28,2025-07-11,47247,Brand F,Mumbai,Andheri West,24,15474.81418,127
01/07/2025,28,2025-07-12,47247,Brand F,Mumbai,Andheri West,31,23721.8306,162
01/07/2025,28,2025-07-13,47247,Brand F,Mumbai,Andheri West,18,15546.57882,168
01/07/2025,29,2025-07-14,47247,Brand F,Mumbai,Andheri West,13,7869.326993,118
01/07/2025,29,2025-07-15,47247,Brand F,Mumbai,Andheri West,12,6863.127293,131
01/07/2025,29,2025-07-16,47247,Brand F,Mumbai,Andheri West,20,12739.2637,198
01/07/2025,29,2025-07-17,47247,Brand F,Mumbai,Andheri West,8,5635.526223,64
01/07/2025,29,2025-07-18,47247,Brand F,Mumbai,Andheri West,24,13998.3281,131
01/07/2025,29,2025-07-19,47247,Brand F,Mumbai,Andheri West,22,14824.52809,152
01/07/2025,29,2025-07-20,47247,Brand F,Mumbai,Andheri West,28,21127.9015,201
01/07/2025,30,2025-07-21,47247,Brand F,Mumbai,Andheri West,15,8677.740122,104
01/07/2025,30,2025-07-22,47247,Brand F,Mumbai,Andheri West,26,13857.48909,126
01/07/2025,30,2025-07-23,47247,Brand F,Mumbai,Andheri West,16,11582.39004,146
01/07/2025,30,2025-07-24,47247,Brand F,Mumbai,Andheri West,10,6656.514291,119
01/07/2025,30,2025-07-25,47247,Brand F,Mumbai,Andheri West,30,20339.61909,152
01/07/2025,30,2025-07-26,47247,Brand F,Mumbai,Andheri West,19,13626.95259,160
01/07/2025,30,2025-07-27,47247,Brand F,Mumbai,Andheri West,20,15576.75606,184
01/07/2025,31,2025-07-28,47247,Brand F,Mumbai,Andheri West,15,9025.465577,102
01/07/2025,31,2025-07-29,47247,Brand F,Mumbai,Andheri West,19,10251.71408,100
01/07/2025,31,2025-07-30,47247,Brand F,Mumbai,Andheri West,10,4728.112849,104
01/07/2025,31,2025-07-31,47247,Brand F,Mumbai,Andheri West,19,11827.89112,147
01/08/2025,31,2025-08-01,47247,Brand F,Mumbai,Andheri West,25,16825.00732,144
01/08/2025,31,2025-08-02,47247,Brand F,Mumbai,Andheri West,23,18404.61978,160
01/08/2025,31,2025-08-03,47247,Brand F,Mumbai,Andheri West,35,20707.10511,205
01/08/2025,32,2025-08-04,47247,Brand F,Mumbai,Andheri West,19,9324.537068,130
01/08/2025,32,2025-08-05,47247,Brand F,Mumbai,Andheri West,18,10028.32666,117
01/08/2025,32,2025-08-06,47247,Brand F,Mumbai,Andheri West,16,10253.95242,100
01/08/2025,32,2025-08-07,47247,Brand F,Mumbai,Andheri West,29,19152.3545,134
01/08/2025,32,2025-08-08,47247,Brand F,Mumbai,Andheri West,17,13086.50079,130
01/08/2025,32,2025-08-09,47247,Brand F,Mumbai,Andheri West,32,22411.87376,180
01/08/2025,32,2025-08-10,47247,Brand F,Mumbai,Andheri West,23,15453.70395,149
01/08/2025,33,2025-08-11,47247,Brand F,Mumbai,Andheri West,11,6755.050872,112
01/08/2025,33,2025-08-12,47247,Brand F,Mumbai,Andheri West,11,6427.80087,96
01/08/2025,33,2025-08-13,47247,Brand F,Mumbai,Andheri West,13,9880.054243,107
01/08/2025,33,2025-08-14,47247,Brand F,Mumbai,Andheri West,21,18092.80463,134
01/08/2025,33,2025-08-15,47247,Brand F,Mumbai,Andheri West,13,8020.711689,125
01/08/2025,33,2025-08-16,47247,Brand F,Mumbai,Andheri West,26,21165.45567,193
01/08/2025,33,2025-08-17,47247,Brand F,Mumbai,Andheri West,21,16038.65355,124
01/08/2025,34,2025-08-18,47247,Brand F,Mumbai,Andheri West,16,7917.200855,113
01/08/2025,34,2025-08-19,47247,Brand F,Mumbai,Andheri West,17,11743.65136,153
01/08/2025,34,2025-08-20,47247,Brand F,Mumbai,Andheri West,21,13237.80242,131
01/08/2025,34,2025-08-21,47247,Brand F,Mumbai,Andheri West,14,7049.552041,125
01/08/2025,34,2025-08-22,47247,Brand F,Mumbai,Andheri West,16,9754.803568,105
01/08/2025,34,2025-08-23,47247,Brand F,Mumbai,Andheri West,33,22267.87452,134
01/08/2025,34,2025-08-24,47247,Brand F,Mumbai,Andheri West,30,22901.80341,147
01/08/2025,35,2025-08-25,47247,Brand F,Mumbai,Andheri West,16,11403.80249,95
01/08/2025,35,2025-08-26,47247,Brand F,Mumbai,Andheri West,23,12442.66241,112
01/08/2025,35,2025-08-27,47247,Brand F,Mumbai,Andheri West,20,13310.75242,142
01/08/2025,35,2025-08-28,47247,Brand F,Mumbai,Andheri West,28,16541.4528,145
01/08/2025,35,2025-08-29,47247,Brand F,Mumbai,Andheri West,14,12442.00236,125
01/08/2025,35,2025-08-29,70556,Brand D,Mumbai,Bandra West,4,2662.315821,32
01/08/2025,35,2025-08-29,76509,Brand D,Mumbai,Malad Kan West,4,1860.760368,16
01/08/2025,35,2025-08-29,76512,Brand D,Mumbai,Marol Sakinaka,2,1139.959967,32
01/08/2025,35,2025-08-29,184604,Brand G,Mumbai,Malad Kan East,58,23256.55477,293
01/08/2025,35,2025-08-29,656170,Brand D,Mumbai,Chembur,3,978.1499842,24
01/08/2025,35,2025-08-29,668983,Brand D,Mumbai,Andheri West,1,739.5800047,18
01/08/2025,35,2025-08-29,688993,Brand E,Mumbai,Marol Sakinaka,6,7955.501393,202
01/08/2025,35,2025-08-29,783761,Brand D,Mumbai,CBD Belapur,1,425.4499937,13
01/08/2025,35,2025-08-29,880733,Brand C,Mumbai,Vashi,4,1396.849993,47
01/08/2025,35,2025-08-29,974354,Brand B,Mumbai,Mulund,13,3754.063218,89
01/08/2025,35,2025-08-29,974356,Brand B,Mumbai,Powai,21,7904.314275,111
01/08/2025,35,2025-08-29,1037606,Brand A,Mumbai,Andheri East,75,28507.14638,370
01/08/2025,35,2025-08-29,1074224,Brand D,Mumbai,Matunga Wadala,3,3893.140414,10
01/08/2025,35,2025-08-30,47247,Brand F,Mumbai,Andheri West,38,28458.50617,162
01/08/2025,35,2025-08-30,70556,Brand D,Mumbai,Bandra West,3,2185.615827,23
01/08/2025,35,2025-08-30,76508,Brand D,Mumbai,Lower Parel Worli,1,414.949992,17
01/08/2025,35,2025-08-30,76509,Brand D,Mumbai,Malad Kan West,3,1850.129954,11
01/08/2025,35,2025-08-30,76512,Brand D,Mumbai,Marol Sakinaka,2,1982.700006,19
01/08/2025,35,2025-08-30,83864,Brand D,Mumbai,Borivali,2,1052.299981,13
01/08/2025,35,2025-08-30,184604,Brand G,Mumbai,Malad Kan East,61,26500.24097,321
01/08/2025,35,2025-08-30,656170,Brand D,Mumbai,Chembur,6,2823.364992,42
01/08/2025,35,2025-08-30,668983,Brand D,Mumbai,Andheri West,1,735.5099729,9
01/08/2025,35,2025-08-30,688993,Brand E,Mumbai,Marol Sakinaka,6,5779.551005,178
01/08/2025,35,2025-08-30,783761,Brand D,Mumbai,CBD Belapur,2,1344.825382,18
01/08/2025,35,2025-08-30,880733,Brand C,Mumbai,Vashi,4,1934.375364,47
01/08/2025,35,2025-08-30,974354,Brand B,Mumbai,Mulund,15,4713.021088,84
01/08/2025,35,2025-08-30,974356,Brand B,Mumbai,Powai,16,4363.014316,115
01/08/2025,35,2025-08-30,1037606,Brand A,Mumbai,Andheri East,78,37462.10961,335
01/08/2025,35,2025-08-30,1074224,Brand D,Mumbai,Matunga Wadala,2,991.9499909,7
01/08/2025,35,2025-08-31,47247,Brand F,Mumbai,Andheri West,36,27603.95651,179
01/08/2025,35,2025-08-31,70556,Brand D,Mumbai,Bandra West,2,376.9499937,21
01/08/2025,35,2025-08-31,76508,Brand D,Mumbai,Lower Parel Worli,1,225.969998,20
01/08/2025,35,2025-08-31,76512,Brand D,Mumbai,Marol Sakinaka,3,1403.809985,20
01/08/2025,35,2025-08-31,83864,Brand D,Mumbai,Borivali,3,1145.949988,29
01/08/2025,35,2025-08-31,184604,Brand G,Mumbai,Malad Kan East,93,41728.36203,421
01/08/2025,35,2025-08-31,656170,Brand D,Mumbai,Chembur,3,1657.090909,41
01/08/2025,35,2025-08-31,668983,Brand D,Mumbai,Andheri West,2,1443.510512,4
01/08/2025,35,2025-08-31,688993,Brand E,Mumbai,Marol Sakinaka,4,4077.850654,114
01/08/2025,35,2025-08-31,880733,Brand C,Mumbai,Vashi,4,1898.620028,46
01/08/2025,35,2025-08-31,974354,Brand B,Mumbai,Mulund,26,8279.178019,143
01/08/2025,35,2025-08-31,974356,Brand B,Mumbai,Powai,34,13114.18319,143
01/08/2025,35,2025-08-31,1037606,Brand A,Mumbai,Andheri East,79,32877.02652,393
01/08/2025,35,2025-08-31,1074224,Brand D,Mumbai,Matunga Wadala,5,2362.249953,22